Username;Displayname;Firstname;Lastname;Password;Country;Container;Description;Group
kklein;Klein, Kristin;Kristin;Klein;Sommer2019!;US;OU=US,OU=UserAccounts,DC=contoso,DC=azure;Captive agent;Accounting and Finance
ldaamaq;Daamaq, LKraka;LKraka;Daamaq;Herbst2018!;France;OU=France,OU=UserAccounts,DC=contoso,DC=azure;Bartender helper;Sales
rkerpach;Kerpach, Reclaw;Reclaw;Kerpach;Sommer2019!;Brazil;OU=Brazil,OU=UserAccounts,DC=contoso,DC=azure;Inside wire installer;Helpdesk
tstarad;Starad, Tava;Tava;Starad;Urlaub2018!;Canada;OU=Canada,OU=UserAccounts,DC=contoso,DC=azure;Computer control operator;Helpdesk
hbraun;Braun, Heike;Heike;Braun;"ASDqwe!""§";France;OU=France,OU=UserAccounts,DC=contoso,DC=azure;Photographic spotter;Management
gsurgh;Surgh, Grilka;Grilka;Surgh;"!qaYxsw""";Brazil;OU=Brazil,OU=UserAccounts,DC=contoso,DC=azure;Regional planner;Marketing
jbosch;Bosch, Jens;Jens;Bosch;Applepie123!;Canada;OU=Canada,OU=UserAccounts,DC=contoso,DC=azure;MSSQL Expert;MSSQLAdmins
vmishtak;Mishtak, Valkra;Valkra;Mishtak;Garfield80;France;OU=France,OU=UserAccounts,DC=contoso,DC=azure;Adult literacy teacher;Production
jgrunnil;Grunnil, JGira;JGira;Grunnil;Carmina1;Brazil;OU=Brazil,OU=UserAccounts,DC=contoso,DC=azure;Sewer;Purchasing
mhoch;Hoch, Maik;Maik;Hoch;Avaya123;Australia;OU=Australia,OU=UserAccounts,DC=contoso,DC=azure;Electrotyper;Research and Development
mmivoloss;Mivoloss, MSyna;MSyna;Mivoloss;Yxcvbnm1;Germany;OU=Germany,OU=UserAccounts,DC=contoso,DC=azure;Job service specialist;Sales
bschreiber;Schreiber, Bernd;Bernd;Schreiber;Michael51;France;OU=France,OU=UserAccounts,DC=contoso,DC=azure;Archaeologist;Accounting and Finance
ckoru;Koru, ChTroka;ChTroka;Koru;Kermit22;Australia;OU=Australia,OU=UserAccounts,DC=contoso,DC=azure;Numerical tool and process control programmer;Sales
colahg;Olahg, ChKala;ChKala;Olahg;Initial2;Germany;OU=Germany,OU=UserAccounts,DC=contoso,DC=azure;Social scientist;Helpdesk
kschiffer;Schiffer, Katharina;Katharina;Schiffer;Hamburg6;US;OU=US,OU=UserAccounts,DC=contoso,DC=azure;Cardiologist;Helpdesk
sdghor;DGhor, Sayba;Sayba;DGhor;start#123;Canada;OU=Canada,OU=UserAccounts,DC=contoso,DC=azure;Electronic publishing specialist;Management
sbraun;Braun, Sabine;Sabine;Braun;Kermit11;Germany;OU=Germany,OU=UserAccounts,DC=contoso,DC=azure;Auto damage appraiser;Marketing
sdietrich;Dietrich, Susanne;Susanne;Dietrich;Benjamin30;Germany;OU=Germany,OU=UserAccounts,DC=contoso,DC=azure;MSSQL Expert;MSSQLAdmins
sschwab;Schwab, Sophia;Sophia;Schwab;Apfel123;Canada;OU=Canada,OU=UserAccounts,DC=contoso,DC=azure;Theoretical mathematician;Production
dzimmermann;Zimmermann, Dieter;Dieter;Zimmermann;Sunshine45;Australia;OU=Australia,OU=UserAccounts,DC=contoso,DC=azure;Civil service clerk;Purchasing
kunagroth;Unagroth, Kurrivis;Kurrivis;Unagroth;Johnny82;Australia;OU=Australia,OU=UserAccounts,DC=contoso,DC=azure;Criminal lawyer;Research and Development
ivogt;Vogt, Ines;Ines;Vogt;Liebe123;France;OU=France,OU=UserAccounts,DC=contoso,DC=azure;Operating room technician;Sales
eagan;Agan, Ellal;Ellal;Agan;3edcVFR$;Germany;OU=Germany,OU=UserAccounts,DC=contoso,DC=azure;Construction millwright;Accounting and Finance
kzanis;Zanis, Kahli;Kahli;Zanis;Projekt1;US;OU=US,OU=UserAccounts,DC=contoso,DC=azure;Electrician;Sales
mbeich;Beich, Marie;Marie;Beich;Felix666;Germany;OU=Germany,OU=UserAccounts,DC=contoso,DC=azure;Occupational health and safety technician;Helpdesk
crrilac;Rrilac, ChMira;ChMira;Rrilac;Felix222;France;OU=France,OU=UserAccounts,DC=contoso,DC=azure;Custodian;Helpdesk
mklein;Klein, Matthias;Matthias;Klein;Werder12;US;OU=US,OU=UserAccounts,DC=contoso,DC=azure;Identification clerk;Management
abar;Bar, Anna;Anna;Bar;Leonard33;Germany;OU=Germany,OU=UserAccounts,DC=contoso,DC=azure;Press operator;Marketing
ttichar;Tichar, TLane;TLane;Tichar;ChanelNo5;Germany;OU=Germany,OU=UserAccounts,DC=contoso,DC=azure;MSSQL Expert;MSSQLAdmins
wshala;Shala, WMari;WMari;Shala;Stuttgart14;Germany;OU=Germany,OU=UserAccounts,DC=contoso,DC=azure;University professor;Production
keggers;Eggers, Kristin;Kristin;Eggers;Sandra1987;Brazil;OU=Brazil,OU=UserAccounts,DC=contoso,DC=azure;Keying machine operator;Purchasing
jlevass;Levass, JEneth;JEneth;Levass;Family43;Australia;OU=Australia,OU=UserAccounts,DC=contoso,DC=azure;Truck dispatcher;Research and Development
tbaier;Baier, Tanja;Tanja;Baier;Zitrone7;Canada;OU=Canada,OU=UserAccounts,DC=contoso,DC=azure;Stock-control clerk;Sales
jschwab;Schwab, Jan;Jan;Schwab;Marlene5;France;OU=France,OU=UserAccounts,DC=contoso,DC=azure;Applications programmer;Accounting and Finance
chartmann;Hartmann, Christin;Christin;Hartmann;Marlene12;Australia;OU=Australia,OU=UserAccounts,DC=contoso,DC=azure;Vegetable cook;Sales
dvogel;Vogel, Daniel;Daniel;Vogel;Tigger12345;Germany;OU=Germany,OU=UserAccounts,DC=contoso,DC=azure;Tailor;Helpdesk
pfaber;Faber, Philipp;Philipp;Faber;Lucky113;France;OU=France,OU=UserAccounts,DC=contoso,DC=azure;Segmental paver;Helpdesk
mdresdner;Dresdner, Maik;Maik;Dresdner;Fabian10;Germany;OU=Germany,OU=UserAccounts,DC=contoso,DC=azure;Funeral manager;Management
krenjar;Renjar, Kora;Kora;Renjar;Daniel1!;Canada;OU=Canada,OU=UserAccounts,DC=contoso,DC=azure;Security guard;Marketing
umuench;Muench, Uta;Uta;Muench;Banane55;US;OU=US,OU=UserAccounts,DC=contoso,DC=azure;MSSQL Expert;MSSQLAdmins
peggers;Eggers, Phillipp;Phillipp;Eggers;Banane14;Brazil;OU=Brazil,OU=UserAccounts,DC=contoso,DC=azure;Fish cleaner;Production
cpfeifer;Pfeifer, Claudia;Claudia;Pfeifer;Apfelbaum1;US;OU=US,OU=UserAccounts,DC=contoso,DC=azure;Clerical worker supervisor;Purchasing
uzimmermann;Zimmermann, Uwe;Uwe;Zimmermann;23wesdXC;Germany;OU=Germany,OU=UserAccounts,DC=contoso,DC=azure;Voice writer;Research and Development
ksolazarn;Solazarn, Kobor;Kobor;Solazarn;Start123!;Canada;OU=Canada,OU=UserAccounts,DC=contoso,DC=azure;DJ;Sales
pzimmermann;Zimmermann, Peter;Peter;Zimmermann;Herbst2018!;France;OU=France,OU=UserAccounts,DC=contoso,DC=azure;Publications specialist;Accounting and Finance
gcaxel;Caxel, Gara;Gara;Caxel;Sommer2019!;France;OU=France,OU=UserAccounts,DC=contoso,DC=azure;Real estate appraiser;Sales
mgerber;Gerber, Marcel;Marcel;Gerber;Urlaub2018!;Australia;OU=Australia,OU=UserAccounts,DC=contoso,DC=azure;Clerk;Helpdesk
vrashtesh;Rashtesh, Vagh;Vagh;Rashtesh;"ASDqwe!""§";France;OU=France,OU=UserAccounts,DC=contoso,DC=azure;Political analyst;Helpdesk
mbohm;Bohm, Melanie;Melanie;Bohm;"!qaYxsw""";Brazil;OU=Brazil,OU=UserAccounts,DC=contoso,DC=azure;Cosmetologist;Management
ulehmann;Lehmann, Ute;Ute;Lehmann;Felix008!;Australia;OU=Australia,OU=UserAccounts,DC=contoso,DC=azure;Safety inspector;Marketing
mebersbach;Ebersbach, Maria;Maria;Ebersbach;Felix008;Brazil;OU=Brazil,OU=UserAccounts,DC=contoso,DC=azure;MSSQL Expert;MSSQLAdmins
bbohm;Bohm, Bernd;Bernd;Bohm;Apollo11!;Brazil;OU=Brazil,OU=UserAccounts,DC=contoso,DC=azure;Die maker;Production
koster;Oster, Kristian;Kristian;Oster;30Seconds2Mars!;US;OU=US,OU=UserAccounts,DC=contoso,DC=azure;Independent insurance agent;Purchasing
lhinori;Hinori, Larg;Larg;Hinori;a12345678B;Germany;OU=Germany,OU=UserAccounts,DC=contoso,DC=azure;Sociocultural anthropologist;Research and Development
dzimmer;Zimmer, Daniel;Daniel;Zimmer;Welcome#12;US;OU=US,OU=UserAccounts,DC=contoso,DC=azure;Staff development specialist;Sales
kkiosan;Kiosan, Keedera;Keedera;Kiosan;Sommer2020;France;OU=France,OU=UserAccounts,DC=contoso,DC=azure;Dermatology nurse;Accounting and Finance
afreeh;Freeh, Anna;Anna;Freeh;Pommes11;Australia;OU=Australia,OU=UserAccounts,DC=contoso,DC=azure;Certified nursing assistant;Sales
hmehler;Mehler, Heike;Heike;Mehler;Messer18;Australia;OU=Australia,OU=UserAccounts,DC=contoso,DC=azure;Mental health counselor;Helpdesk
trrilac;Rrilac, ToKa;ToKa;Rrilac;$Test123;Canada;OU=Canada,OU=UserAccounts,DC=contoso,DC=azure;Military officer;Purchasing
ckrueger;Krueger, Christin;Christin;Krueger;start#1234;Brazil;OU=Brazil,OU=UserAccounts,DC=contoso,DC=azure;Strength trainer;Research and Development
lschmid;Schmid, Lucas;Lucas;Schmid;a1234567B;Germany;OU=Germany,OU=UserAccounts,DC=contoso,DC=azure;Nurse administrator;Sales
emalok;Malok, Enen;Enen;Malok;Alsfeld2010!;Australia;OU=Australia,OU=UserAccounts,DC=contoso,DC=azure;Store detective;Accounting and Finance
peisenhower;Eisenhower, Philipp;Philipp;Eisenhower;Melone12;US;OU=US,OU=UserAccounts,DC=contoso,DC=azure;Broker associate;Sales
lfried;Fried, Lea;Lea;Fried;Erika1941;Germany;OU=Germany,OU=UserAccounts,DC=contoso,DC=azure;Administrative lead;Helpdesk
rausterlitz;Austerlitz, René;René;Austerlitz;D1gn1tas;Canada;OU=Canada,OU=UserAccounts,DC=contoso,DC=azure;Library media specialist;Helpdesk
ndjon;Djon, Nudaq;Nudaq;Djon;Berkay12;Australia;OU=Australia,OU=UserAccounts,DC=contoso,DC=azure;Costume designer;Management
vrahnaz;Rahnaz, Vagh;Vagh;Rahnaz;Andromeda65;US;OU=US,OU=UserAccounts,DC=contoso,DC=azure;Digital imaging technician;Marketing
nbumgarner;Bumgarner, Nicole;Nicole;Bumgarner;Winter2017;Canada;OU=Canada,OU=UserAccounts,DC=contoso,DC=azure;MSSQL Expert;MSSQLAdmins
trustazh;Rustazh, TMara;TMara;Rustazh;Welcome#123;Canada;OU=Canada,OU=UserAccounts,DC=contoso,DC=azure;Geriatric aide;Production
nnessarc;Nessarc, NVane;NVane;Nessarc;Trans4mation;Germany;OU=Germany,OU=UserAccounts,DC=contoso,DC=azure;Product promoter;Purchasing
kglockner;Glockner, Katrin;Katrin;Glockner;Steffi42;Canada;OU=Canada,OU=UserAccounts,DC=contoso,DC=azure;Forest fire inspector;Research and Development
lsankt;Sankt, Lena;Lena;Sankt;Sommer12345;US;OU=US,OU=UserAccounts,DC=contoso,DC=azure;Marketing research analyst;Sales
mhertzog;Hertzog, Marcel;Marcel;Hertzog;Pommes99;Canada;OU=Canada,OU=UserAccounts,DC=contoso,DC=azure;EEO officer;Accounting and Finance
rkargon;Kargon, Rokis;Rokis;Kargon;Passwd1!;Germany;OU=Germany,OU=UserAccounts,DC=contoso,DC=azure;IT Admin;DCAdmins
vnapos;Napos, VisVok;VisVok;Napos;Obelix44;France;OU=France,OU=UserAccounts,DC=contoso,DC=azure;Marine surveyor;Helpdesk
wsurgh;Surgh, WAnar;WAnar;Surgh;Nasenber1;Germany;OU=Germany,OU=UserAccounts,DC=contoso,DC=azure;Arborist;Helpdesk
kkazag;Kazag, KKura;KKura;Kazag;Miguel04;Brazil;OU=Brazil,OU=UserAccounts,DC=contoso,DC=azure;Ultrasonographer;Management
sfreud;Freud, Sven;Sven;Freud;test.001;Canada;OU=Canada,OU=UserAccounts,DC=contoso,DC=azure;Control and valve repairer;Marketing
lackermann;Ackermann, Leon;Leon;Ackermann;Winter2016;Canada;OU=Canada,OU=UserAccounts,DC=contoso,DC=azure;Wire installer;Sales
akohl;Kohl, Annett;Annett;Kohl;Start123#;Australia;OU=Australia,OU=UserAccounts,DC=contoso,DC=azure;Chiropractic doctor;Production
josterhagen;Osterhagen, Jens;Jens;Osterhagen;Sommer1!;France;OU=France,OU=UserAccounts,DC=contoso,DC=azure;Chiropractic physician;Purchasing
tmuench;Muench, Tim;Tim;Muench;Qwert2345;Canada;OU=Canada,OU=UserAccounts,DC=contoso,DC=azure;Tailor;Research and Development
kaxenni;Axenni, Kehlt;Kehlt;Axenni;Pommes77;Australia;OU=Australia,OU=UserAccounts,DC=contoso,DC=azure;Cutter;Sales
jsepich;SepIch, JGira;JGira;SepIch;Miraza0501;France;OU=France,OU=UserAccounts,DC=contoso,DC=azure;Subway operator;Accounting and Finance
bmayer;Mayer, Benjamin;Benjamin;Mayer;Katarina82;France;OU=France,OU=UserAccounts,DC=contoso,DC=azure;IT Admin;DCAdmins
jdemma;Demma, JLane;JLane;Demma;Integral01;Australia;OU=Australia,OU=UserAccounts,DC=contoso,DC=azure;Paleomagnetist;Helpdesk
jnaumann;Naumann, Joerg;Joerg;Naumann;Hannah2016;Germany;OU=Germany,OU=UserAccounts,DC=contoso,DC=azure;Textile knitting and weaving machine operator;Helpdesk
ggavicx;Gavicx, Grali;Grali;Gavicx;Dino1987;US;OU=US,OU=UserAccounts,DC=contoso,DC=azure;Timekeeping clerk;Management
mwaechter;Waechter, Manuela;Manuela;Waechter;Diet1902;Brazil;OU=Brazil,OU=UserAccounts,DC=contoso,DC=azure;Court, municipal, and license clerk;Marketing
lschiffer;Schiffer, Lena;Lena;Schiffer;Autobahn06;France;OU=France,OU=UserAccounts,DC=contoso,DC=azure;Fire investigator;Sales
gstarad;Starad, GRali;GRali;Starad;45rtfgVB;Canada;OU=Canada,OU=UserAccounts,DC=contoso,DC=azure;Marble setter;Production
gmalok;Malok, GNara;GNara;Malok;YAQ!yaq1;Brazil;OU=Brazil,OU=UserAccounts,DC=contoso,DC=azure;Cleaner;Purchasing
apapst;Papst, Anja;Anja;Papst;Tasse666;France;OU=France,OU=UserAccounts,DC=contoso,DC=azure;Health care executive;Research and Development
lmueller;Mueller, Lukas;Lukas;Mueller;Tabbert0;Brazil;OU=Brazil,OU=UserAccounts,DC=contoso,DC=azure;Convention planner;Sales
jbeckenbauer;Beckenbauer, Joerg;Joerg;Beckenbauer;Initial12;Brazil;OU=Brazil,OU=UserAccounts,DC=contoso,DC=azure;Longshoremen;Accounting and Finance
fschreiber;Schreiber, Frank;Frank;Schreiber;Hikaru111;Brazil;OU=Brazil,OU=UserAccounts,DC=contoso,DC=azure;IT Admin;DCAdmins
vbar;Bar, Vanessa;Vanessa;Bar;Celebr4tions;US;OU=US,OU=UserAccounts,DC=contoso,DC=azure;Human resources analyst;Helpdesk
ckuester;Kuester, Christina;Christina;Kuester;Avaya123!;Australia;OU=Australia,OU=UserAccounts,DC=contoso,DC=azure;Communications equipment operator;Helpdesk
dkamril;Kamril, DVixis;DVixis;Kamril;A1S2D3F4g;Germany;OU=Germany,OU=UserAccounts,DC=contoso,DC=azure;Armored car guard;Management
gtorath;Torath, GEneth;GEneth;Torath;Yxasqw12;Australia;OU=Australia,OU=UserAccounts,DC=contoso,DC=azure;Recreation worker;Marketing
dkastner;Kastner, David;David;Kastner;Winter2019;Germany;OU=Germany,OU=UserAccounts,DC=contoso,DC=azure;Gas and water service dispatcher;Sales
nwulfek;Wulfek, NTrala;NTrala;Wulfek;Winter2018;France;OU=France,OU=UserAccounts,DC=contoso,DC=azure;Information security specialist;Production
namerex;Amerex, NKeebho;NKeebho;Amerex;Walfisch9;Canada;OU=Canada,OU=UserAccounts,DC=contoso,DC=azure;Purchasing director;Purchasing
jsaenger;Saenger, Jana;Jana;Saenger;Timmi100;Germany;OU=Germany,OU=UserAccounts,DC=contoso,DC=azure;Textile knitting and weaving machine setter;Research and Development
ktorg;Torg, Konli;Konli;Torg;Start!123;Germany;OU=Germany,OU=UserAccounts,DC=contoso,DC=azure;Data typist;Sales
dscherer;Scherer, Diana;Diana;Scherer;Start12!;Germany;OU=Germany,OU=UserAccounts,DC=contoso,DC=azure;Diesel train engineer;Accounting and Finance
mhertz;Hertz, Mario;Mario;Hertz;Sommer126;Germany;OU=Germany,OU=UserAccounts,DC=contoso,DC=azure;IT Admin;DCAdmins
grulek;Rulek, Grana;Grana;Rulek;Skipper1#;Germany;OU=Germany,OU=UserAccounts,DC=contoso,DC=azure;Railroad conductor;Helpdesk
mjager;Jager, Martina;Martina;Jager;Seppel22;US;OU=US,OU=UserAccounts,DC=contoso,DC=azure;Brace maker;Helpdesk
kkahless;Kahless, Kalitta;Kalitta;Kahless;Recareca2;France;OU=France,OU=UserAccounts,DC=contoso,DC=azure;Assignment editor;Management
mwannemaker;Wannemaker, Marcel;Marcel;Wannemaker;Password2017;Brazil;OU=Brazil,OU=UserAccounts,DC=contoso,DC=azure;Sportscaster;Marketing
mchang;Chang, Mora;Mora;Chang;Ostsee123;Brazil;OU=Brazil,OU=UserAccounts,DC=contoso,DC=azure;Training and development coordinator;Sales
jgrunewald;Grunewald, Jonas;Jonas;Grunewald;Motocross99;Germany;OU=Germany,OU=UserAccounts,DC=contoso,DC=azure;Mail processing machine operator;Production
lbauer;Bauer, Laura;Laura;Bauer;Hammel22;France;OU=France,OU=UserAccounts,DC=contoso,DC=azure;Flight engineer;Purchasing
cbuerger;Buerger, Christina;Christina;Buerger;Drossel27;Brazil;OU=Brazil,OU=UserAccounts,DC=contoso,DC=azure;Motorboat mechanic;Research and Development
ljarov;Jarov, LAren;LAren;Jarov;Berlin2020;France;OU=France,OU=UserAccounts,DC=contoso,DC=azure;Executive assistant;Sales
dsubaiesh;Subaiesh, DKara;DKara;Subaiesh;Asdf#1234;France;OU=France,OU=UserAccounts,DC=contoso,DC=azure;Pump operator;Accounting and Finance
sbecker;Becker, Steffen;Steffen;Becker;2PacBiggie;Germany;OU=Germany,OU=UserAccounts,DC=contoso,DC=azure;IT Admin;DCAdmins
akoru;Koru, Askade;Askade;Koru;Vittel11;France;OU=France,OU=UserAccounts,DC=contoso,DC=azure;Camera repairer;Helpdesk
gmrith;Mrith, Gorrod;Gorrod;Mrith;Test#1234;Australia;OU=Australia,OU=UserAccounts,DC=contoso,DC=azure;Contract cutter;Helpdesk
cziegler;Ziegler, Christian;Christian;Ziegler;Supperl8;US;OU=US,OU=UserAccounts,DC=contoso,DC=azure;Lens polisher;Management
meberhardt;Eberhardt, Mandy;Mandy;Eberhardt;Start#01;Australia;OU=Australia,OU=UserAccounts,DC=contoso,DC=azure;Meeting manager;Marketing
mngoj;Ngoj, Memeth;Memeth;Ngoj;Sommer2017;Australia;OU=Australia,OU=UserAccounts,DC=contoso,DC=azure;Public defender;Sales
lvogt;Vogt, Leon;Leon;Vogt;Penner19;US;OU=US,OU=UserAccounts,DC=contoso,DC=azure;Telephone operator;Production
bjunker;Junker, Bernd;Bernd;Junker;N0v3ll123;US;OU=US,OU=UserAccounts,DC=contoso,DC=azure;Gaming services;Purchasing
cmaur;Maur, Christine;Christine;Maur;Moni2012;Australia;OU=Australia,OU=UserAccounts,DC=contoso,DC=azure;Agricultural manager;Research and Development
ubraun;Braun, Uwe;Uwe;Braun;Katrin777;US;OU=US,OU=UserAccounts,DC=contoso,DC=azure;Personal care aide;Sales
mrannuf;Rannuf, Mlara;Mlara;Rannuf;Eierkuchen3;Brazil;OU=Brazil,OU=UserAccounts,DC=contoso,DC=azure;Photoengraver;Accounting and Finance
kpaswut;Paswut, KaKa;KaKa;Paswut;Chaos916;Canada;OU=Canada,OU=UserAccounts,DC=contoso,DC=azure;IT Admin;DCAdmins
kpropst;Propst, Katja;Katja;Propst;Prague2020;Germany;OU=Germany,OU=UserAccounts,DC=contoso,DC=azure;Information clerk;Helpdesk
griskal;Riskal, GKali;GKali;Riskal;Applerules1;France;OU=France,OU=UserAccounts,DC=contoso,DC=azure;High school counselor;Helpdesk
sholzman;Holzman, Stefanie;Stefanie;Holzman;ASD11asd;US;OU=US,OU=UserAccounts,DC=contoso,DC=azure;Motor coach driver;Management
tkoch;Koch, Tim;Tim;Koch;qawsed5%;France;OU=France,OU=UserAccounts,DC=contoso,DC=azure;Patient educator;Marketing
mwexler;Wexler, Melanie;Melanie;Wexler;Toll123!;US;OU=US,OU=UserAccounts,DC=contoso,DC=azure;Hoist and winch operator;Sales
mburger;Burger, Marko;Marko;Burger;Stricher75;Germany;OU=Germany,OU=UserAccounts,DC=contoso,DC=azure;Personnel training officer;Production
klang;Lang, Katharina;Katharina;Lang;Starten08;Brazil;OU=Brazil,OU=UserAccounts,DC=contoso,DC=azure;News reporter;Purchasing
kkurper;Kurper, Kovar;Kovar;Kurper;Sommer2019;Canada;OU=Canada,OU=UserAccounts,DC=contoso,DC=azure;Boatswain;Research and Development
kkorm;Korm, Kaar;Kaar;Korm;Sommer2018;US;OU=US,OU=UserAccounts,DC=contoso,DC=azure;Skills trainer;Sales
tkardis;Kardis, Torak;Torak;Kardis;Sommer2016;Canada;OU=Canada,OU=UserAccounts,DC=contoso,DC=azure;Reservation agent;Accounting and Finance
dkazag;Kazag, DaVas;DaVas;Kazag;Selina26;US;OU=US,OU=UserAccounts,DC=contoso,DC=azure;Bibliographer;Sales
swurfel;Wurfel, Sara;Sara;Wurfel;Melone22;Australia;OU=Australia,OU=UserAccounts,DC=contoso,DC=azure;Industrial hygienist;Helpdesk
konnak;Onnak, Kornan;Kornan;Onnak;Initial13;Australia;OU=Australia,OU=UserAccounts,DC=contoso,DC=azure;Personnel administrator;Helpdesk
vzanis;Zanis, Vada;Vada;Zanis;Hammel33;Australia;OU=Australia,OU=UserAccounts,DC=contoso,DC=azure;Corporate investigator;Management
dnagel;Nagel, Daniel;Daniel;Nagel;Berkay1999;Australia;OU=Australia,OU=UserAccounts,DC=contoso,DC=azure;Respiratory nurse;Marketing
mrothstein;Rothstein, Marina;Marina;Rothstein;ParisPorn2020;Australia;OU=Australia,OU=UserAccounts,DC=contoso,DC=azure;Surgical technologist;Sales
anacht;Nacht, Anke;Anke;Nacht;Annalena2002;Brazil;OU=Brazil,OU=UserAccounts,DC=contoso,DC=azure;Public relations coordinator;Production
svogler;Vogler, Sophie;Sophie;Vogler;"XSW""xsw2";France;OU=France,OU=UserAccounts,DC=contoso,DC=azure;Health care executive;Purchasing
dhoron;Horon, Divok;Divok;Horon;Winter123#;Canada;OU=Canada,OU=UserAccounts,DC=contoso,DC=azure;Freight, stock, and material mover;Research and Development
sneudorf;Neudorf, Sven;Sven;Neudorf;Volksdorf1;Brazil;OU=Brazil,OU=UserAccounts,DC=contoso,DC=azure;Counter and rental clerk;Sales
gjorn;Jorn, Gelly;Gelly;Jorn;Start#12;Canada;OU=Canada,OU=UserAccounts,DC=contoso,DC=azure;Paraeducator;Accounting and Finance
mschuster;Schuster, Mario;Mario;Schuster;Start#123456;Brazil;OU=Brazil,OU=UserAccounts,DC=contoso,DC=azure;Telephone operator;Sales
yhoffmann;Hoffmann, Yvonne;Yvonne;Hoffmann;Moritz2016;US;OU=US,OU=UserAccounts,DC=contoso,DC=azure;Host;Accounting and Finance
mmishtak;Mishtak, Mrel;Mrel;Mishtak;Kingston2018;Australia;OU=Australia,OU=UserAccounts,DC=contoso,DC=azure;Web publications designer;Helpdesk
skoenig;Koenig, Susanne;Susanne;Koenig;Josh2018;Brazil;OU=Brazil,OU=UserAccounts,DC=contoso,DC=azure;Systems analyst;Management
rgashtor;Gashtor, Rela;Rela;Gashtor;Initial99;France;OU=France,OU=UserAccounts,DC=contoso,DC=azure;Climatologist;Marketing
ktrisra;Trisra, Kerge;Kerge;Trisra;Dana2901;Brazil;OU=Brazil,OU=UserAccounts,DC=contoso,DC=azure;Outside order clerk;Sales
uehrlichmann;Ehrlichmann, Ulrike;Ulrike;Ehrlichmann;Asdasd345;France;OU=France,OU=UserAccounts,DC=contoso,DC=azure;Project control specialist;Production
arestagh;Restagh, Aperokei;Aperokei;Restagh;Aa15901590;Brazil;OU=Brazil,OU=UserAccounts,DC=contoso,DC=azure;Mechanic;Purchasing
fschroeder;Schroeder, Frank;Frank;Schroeder;56TZghbn;Germany;OU=Germany,OU=UserAccounts,DC=contoso,DC=azure;Weathercaster;Research and Development
kkozak;Kozak, Koli;Koli;Kozak;Test2019;Brazil;OU=Brazil,OU=UserAccounts,DC=contoso,DC=azure;Building manager;Sales
gkodash;Kodash, Giral;Giral;Kodash;Sonysucks1;France;OU=France,OU=UserAccounts,DC=contoso,DC=azure;Scientific illustrator;Accounting and Finance
sbayer;Bayer, Sabrina;Sabrina;Bayer;Sommer123!;France;OU=France,OU=UserAccounts,DC=contoso,DC=azure;Able seaman;Sales
lsimparri;Simparri, Lkor;Lkor;Simparri;Smart2017;US;OU=US,OU=UserAccounts,DC=contoso,DC=azure;Radiologist;Accounting and Finance
colmai;Olmai, ChVana;ChVana;Olmai;Rommel30;France;OU=France,OU=UserAccounts,DC=contoso,DC=azure;Automotive body repairer;Helpdesk
sgorkon;Gorkon, Shijqa;Shijqa;Gorkon;Prada567;US;OU=US,OU=UserAccounts,DC=contoso,DC=azure;Cleaning supervisor;Management
tnestar;Nestar, Thopok;Thopok;Nestar;Pommes15;Brazil;OU=Brazil,OU=UserAccounts,DC=contoso,DC=azure;Bartender;Marketing
dschwab;Schwab, David;David;Schwab;Pommes13;France;OU=France,OU=UserAccounts,DC=contoso,DC=azure;Process technician;Sales
pfoerster;Foerster, Peter;Peter;Foerster;Pippin12345;France;OU=France,OU=UserAccounts,DC=contoso,DC=azure;Charter bus driver;Production
kgiogh;GIogh, KSira;KSira;GIogh;Oracle746;Germany;OU=Germany,OU=UserAccounts,DC=contoso,DC=azure;Human resources recruiter;Purchasing
skappel;Kappel, Sara;Sara;Kappel;Mauer2000;Canada;OU=Canada,OU=UserAccounts,DC=contoso,DC=azure;Purchasing clerk;Research and Development
mschwartz;Schwartz, Marco;Marco;Schwartz;Martha191;US;OU=US,OU=UserAccounts,DC=contoso,DC=azure;Airfield operations specialist;Sales
vunarrh;Unarrh, Vada;Vada;Unarrh;Mara1342;France;OU=France,OU=UserAccounts,DC=contoso,DC=azure;Journalist;Accounting and Finance
jbusch;Busch, Julia;Julia;Busch;Logitec123;US;OU=US,OU=UserAccounts,DC=contoso,DC=azure;Court officer;Sales
pneustadt;Neustadt, Paul;Paul;Neustadt;Lena2019;Germany;OU=Germany,OU=UserAccounts,DC=contoso,DC=azure;Assistant principal;Accounting and Finance
crustazh;Rustazh, ChMara;ChMara;Rustazh;Lena2018;Canada;OU=Canada,OU=UserAccounts,DC=contoso,DC=azure;Orderlie;Helpdesk
msurgh;Surgh, Mara;Mara;Surgh;Kpmg2014;Germany;OU=Germany,OU=UserAccounts,DC=contoso,DC=azure;Market research analyst;Management
tardaka;Ardaka, TSira;TSira;Ardaka;Kaya9954;Brazil;OU=Brazil,OU=UserAccounts,DC=contoso,DC=azure;Crossing guard;Marketing
kebersbacher;Ebersbacher, Katrin;Katrin;Ebersbacher;Init1150;Australia;OU=Australia,OU=UserAccounts,DC=contoso,DC=azure;Personal care aide;Sales
sglockner;Glockner, Swen;Swen;Glockner;Highspeed1813;France;OU=France,OU=UserAccounts,DC=contoso,DC=azure;Job estimator;Production
fmeyer;Meyer, Franziska;Franziska;Meyer;KoolSavas123;US;OU=US,OU=UserAccounts,DC=contoso,DC=azure;Insurance sales agent;Purchasing
rneudorf;Neudorf, Ralf;Ralf;Neudorf;PeterLiebe112;US;OU=US,OU=UserAccounts,DC=contoso,DC=azure;Food service worker;Research and Development
mbrandt;Brandt, Maria;Maria;Brandt;April020;Australia;OU=Australia,OU=UserAccounts,DC=contoso,DC=azure;Prosecutor;Sales
ubarth;Barth, Ursula;Ursula;Barth;Apfel456;Canada;OU=Canada,OU=UserAccounts,DC=contoso,DC=azure;Chief information officer;Accounting and Finance
babarsha;Abarsha, Baeli;Baeli;Abarsha;AliAli45;Germany;OU=Germany,OU=UserAccounts,DC=contoso,DC=azure;Order clerk;Sales
wkultan;Kultan, WStihla;WStihla;Kultan;Agoston89;France;OU=France,OU=UserAccounts,DC=contoso,DC=azure;Home appliance repairer;Accounting and Finance
lreshtarc;Reshtarc, LKraka;LKraka;Reshtarc;Adidas7/;Canada;OU=Canada,OU=UserAccounts,DC=contoso,DC=azure;Electrical line worker;Helpdesk
sbosch;Bosch, Stefanie;Stefanie;Bosch;Schimmel00;Brazil;OU=Brazil,OU=UserAccounts,DC=contoso,DC=azure;Computer operator;Management
lseeth;Seeth, LKola;LKola;Seeth;Alzheimer123;Germany;OU=Germany,OU=UserAccounts,DC=contoso,DC=azure;Executive administrator;Marketing
rroth;Roth, René;René;Roth;Initial15;France;OU=France,OU=UserAccounts,DC=contoso,DC=azure;Head cook;Sales
bkreth;Kreth, Bael;Bael;Kreth;Initial16;US;OU=US,OU=UserAccounts,DC=contoso,DC=azure;Cage cashier;Production
sbeyer;Beyer, Sabrina;Sabrina;Beyer;Walfisch11;Australia;OU=Australia,OU=UserAccounts,DC=contoso,DC=azure;Engineering manager;Purchasing
kklasq;Klasq, Kura;Kura;Klasq;Farben22;Australia;OU=Australia,OU=UserAccounts,DC=contoso,DC=azure;Embossing machine operator;Research and Development
pausterlitz;Austerlitz, Peter;Peter;Austerlitz;Walfisch77;Brazil;OU=Brazil,OU=UserAccounts,DC=contoso,DC=azure;Industrial photographer;Sales
kkreth;Kreth, KaAs;KaAs;Kreth;Walfisch99;Canada;OU=Canada,OU=UserAccounts,DC=contoso,DC=azure;Industrial equipment technician;Accounting and Finance
tshuster;Shuster, Tim;Tim;Shuster;Highspeed01;Germany;OU=Germany,OU=UserAccounts,DC=contoso,DC=azure;Asset property manager;Sales
mshuster;Shuster, Monika;Monika;Shuster;Muppets02;Australia;OU=Australia,OU=UserAccounts,DC=contoso,DC=azure;Horse trainer;Accounting and Finance
akuster;Kuster, Angelika;Angelika;Kuster;Wroclaw01;Australia;OU=Australia,OU=UserAccounts,DC=contoso,DC=azure;Silversmith;Helpdesk
twulf;Wulf, Thomas;Thomas;Wulf;Cheesecake18;Australia;OU=Australia,OU=UserAccounts,DC=contoso,DC=azure;Mechanical engineering technician;Management
apfaff;Pfaff, Andreas;Andreas;Pfaff;Hikaru113;Canada;OU=Canada,OU=UserAccounts,DC=contoso,DC=azure;Refractory mason;Marketing
kkurr;Kurr, Kras;Kras;Kurr;PrinzPoldi05;Brazil;OU=Brazil,OU=UserAccounts,DC=contoso,DC=azure;Labor training manager;Sales
aschuster;Schuster, Andreas;Andreas;Schuster;Wassersuppe01;US;OU=US,OU=UserAccounts,DC=contoso,DC=azure;Hand typesetter;Production
nbaer;Baer, Nicole;Nicole;Baer;Reichtum111;France;OU=France,OU=UserAccounts,DC=contoso,DC=azure;Public safety dispatcher;Purchasing
vduerr;Duerr, Vanessa;Vanessa;Duerr;Reichtum111;Canada;OU=Canada,OU=UserAccounts,DC=contoso,DC=azure;Astronomer;Research and Development
jholtzmann;Holtzmann, Juergen;Juergen;Holtzmann;Test234!;US;OU=US,OU=UserAccounts,DC=contoso,DC=azure;Tractor driver;Sales
rurussig;Urussig, Roka;Roka;Urussig;Sonnenschein777;Brazil;OU=Brazil,OU=UserAccounts,DC=contoso,DC=azure;Pesticide applicator;Accounting and Finance
ahoch;Hoch, Andreas;Andreas;Hoch;Initial999;Australia;OU=Australia,OU=UserAccounts,DC=contoso,DC=azure;Buyers agent;Sales
tkoru;Koru, TLana;TLana;Koru;Charlie#2;Canada;OU=Canada,OU=UserAccounts,DC=contoso,DC=azure;Financial consultant;Accounting and Finance
ghurric;Hurric, Giral;Giral;Hurric;Linda1602;US;OU=US,OU=UserAccounts,DC=contoso,DC=azure;Clinical chemistry technologist;Helpdesk
ggorv;Gorv, GKara;GKara;Gorv;Fun4ever8;Australia;OU=Australia,OU=UserAccounts,DC=contoso,DC=azure;Self enrichment teacher;Management
jolmai;Olmai, JLij;JLij;Olmai;Aprilis111;Canada;OU=Canada,OU=UserAccounts,DC=contoso,DC=azure;Machine offbearer;Marketing
kgraf;Graf, Kala;Kala;Graf;Zusammen08;Brazil;OU=Brazil,OU=UserAccounts,DC=contoso,DC=azure;Winch operator;Sales
tmaurer;Maurer, Tim;Tim;Maurer;Zusammen2020;Australia;OU=Australia,OU=UserAccounts,DC=contoso,DC=azure;Medical and health services manager;Production
kgannik;Gannik, Kali;Kali;Gannik;Pommes90;Brazil;OU=Brazil,OU=UserAccounts,DC=contoso,DC=azure;Athletic training instructor;Purchasing
rboehm;Boehm, Robert;Robert;Boehm;Tasse199;Australia;OU=Australia,OU=UserAccounts,DC=contoso,DC=azure;Carpet installer;Research and Development
tfrey;Frey, Thomas;Thomas;Frey;Chekker11;Australia;OU=Australia,OU=UserAccounts,DC=contoso,DC=azure;Personnel training officer;Sales
jostermann;Ostermann, Jan;Jan;Ostermann;Beijaflor21;Brazil;OU=Brazil,OU=UserAccounts,DC=contoso,DC=azure;Paper goods tender;Accounting and Finance
nquark;Quark, NLora;NLora;Quark;Sunshine#4;Canada;OU=Canada,OU=UserAccounts,DC=contoso,DC=azure;College counselor;Sales
klorgh;Lorgh, Kehleyr;Kehleyr;Lorgh;Cracker_23;US;OU=US,OU=UserAccounts,DC=contoso,DC=azure;Medical appliance technician;Accounting and Finance
mmayer;Mayer, Martin;Martin;Mayer;Start!1234;Germany;OU=Germany,OU=UserAccounts,DC=contoso,DC=azure;Sketch artist;Helpdesk
arustazh;Rustazh, Aperokei;Aperokei;Rustazh;Halhal11;Germany;OU=Germany,OU=UserAccounts,DC=contoso,DC=azure;Aerobics instructor;Management
lkmpec;Kmpec, LKola;LKola;Kmpec;Support_01;Canada;OU=Canada,OU=UserAccounts,DC=contoso,DC=azure;Hydraulic and pneumatic technician;Marketing
jquerur;Querur, JLij;JLij;Querur;Nabukodonozor7;Brazil;OU=Brazil,OU=UserAccounts,DC=contoso,DC=azure;Casino cashier;Sales
tneustadt;Neustadt, Thorsten;Thorsten;Neustadt;Alex005!;Canada;OU=Canada,OU=UserAccounts,DC=contoso,DC=azure;Chauffeur;Production
kfulmori;Fulmori, Koll;Koll;Fulmori;Romance456;Germany;OU=Germany,OU=UserAccounts,DC=contoso,DC=azure;Paper goods machine setter;Purchasing
crinn;Rinn, ChMeka;ChMeka;Rinn;Melina1967;Germany;OU=Germany,OU=UserAccounts,DC=contoso,DC=azure;Sauce cook;Research and Development
smayer;Mayer, Stephan;Stephan;Mayer;Tasche18;US;OU=US,OU=UserAccounts,DC=contoso,DC=azure;Allergist;Sales
gkang;Kang, GhoKa;GhoKa;Kang;Meersau25;US;OU=US,OU=UserAccounts,DC=contoso,DC=azure;Attorney;Accounting and Finance
skaufmann;Kaufmann, Swen;Swen;Kaufmann;Highlands!1;Canada;OU=Canada,OU=UserAccounts,DC=contoso,DC=azure;Meat packer;Sales
dkenka;Kenka, DVekma;DVekma;Kenka;Brummi015;Brazil;OU=Brazil,OU=UserAccounts,DC=contoso,DC=azure;Compensation manager;Accounting and Finance
dkodash;Kodash, DaDa;DaDa;Kodash;Boller72;France;OU=France,OU=UserAccounts,DC=contoso,DC=azure;Design consultant;Helpdesk
ggrendle;Grendle, GKola;GKola;Grendle;Knukat1423;Canada;OU=Canada,OU=UserAccounts,DC=contoso,DC=azure;Chemical technician;Management
rwannemaker;Wannemaker, Ralph;Ralph;Wannemaker;Cars0001;Australia;OU=Australia,OU=UserAccounts,DC=contoso,DC=azure;Ski patrol;Marketing
ksimparri;Simparri, Kama;Kama;Simparri;start#15;Germany;OU=Germany,OU=UserAccounts,DC=contoso,DC=azure;Plating and coating machine setter;Sales
khelvari;Helvari, Kamato;Kamato;Helvari;UrlaubUrlaub1;Canada;OU=Canada,OU=UserAccounts,DC=contoso,DC=azure;Executive recruiter;Production
sgoldschmidt;Goldschmidt, Swen;Swen;Goldschmidt;Stuttgart$6;Australia;OU=Australia,OU=UserAccounts,DC=contoso,DC=azure;Adjuster;Purchasing
kzuud;Zuud, Kras;Kras;Zuud;MeinPasswort1234;Germany;OU=Germany,OU=UserAccounts,DC=contoso,DC=azure;Bench technician;Research and Development
mkeller;Keller, Marcel;Marcel;Keller;J@ckson18;Germany;OU=Germany,OU=UserAccounts,DC=contoso,DC=azure;Carpet, floor, and tile installer;Sales
mschwarz;Schwarz, Markus;Markus;Schwarz;Dansenberg1;France;OU=France,OU=UserAccounts,DC=contoso,DC=azure;Counter attendant;Accounting and Finance
ugaertner;Gaertner, Ute;Ute;Gaertner;Dansenberg6;France;OU=France,OU=UserAccounts,DC=contoso,DC=azure;Pump operator;Sales
rozhpri;Ozhpri, Rana;Rana;Ozhpri;Cachafeiro4;Germany;OU=Germany,OU=UserAccounts,DC=contoso,DC=azure;Lawyer;Accounting and Finance
dwurfel;Wurfel, Doreen;Doreen;Wurfel;Birne126;France;OU=France,OU=UserAccounts,DC=contoso,DC=azure;Job placement officer;Helpdesk
urothschild;Rothschild, Uwe;Uwe;Rothschild;Twist3r99;France;OU=France,OU=UserAccounts,DC=contoso,DC=azure;Hydraulic and pneumatic technician;Management
vkufey;Kufey, Vagh;Vagh;Kufey;Rehtse21;Germany;OU=Germany,OU=UserAccounts,DC=contoso,DC=azure;Quality assurance inspector;Marketing
wzulor;Zulor, WMorka;WMorka;Zulor;Luisa987;US;OU=US,OU=UserAccounts,DC=contoso,DC=azure;Collision repair and refinish technician;Sales
szimmer;Zimmer, Sabine;Sabine;Zimmer;#start123;Germany;OU=Germany,OU=UserAccounts,DC=contoso,DC=azure;Television announcer;Production
kgoradh;Goradh, Kruel;Kruel;Goradh;#start124;Brazil;OU=Brazil,OU=UserAccounts,DC=contoso,DC=azure;Voice writer;Purchasing
yfrey;Frey, Yvonne;Yvonne;Frey;#start125;Germany;OU=Germany,OU=UserAccounts,DC=contoso,DC=azure;Rehabilitation nurse;Research and Development
lkallatar;Kallatar, LTava;LTava;Kallatar;#start126;Brazil;OU=Brazil,OU=UserAccounts,DC=contoso,DC=azure;Furnace, kiln, oven, drier, and kettle operator;Sales
driskadh;Riskadh, DGara;DGara;Riskadh;#Start127;Canada;OU=Canada,OU=UserAccounts,DC=contoso,DC=azure;Training and development manager;Accounting and Finance
jwulf;Wulf, Juergen;Juergen;Wulf;#start128;Brazil;OU=Brazil,OU=UserAccounts,DC=contoso,DC=azure;Radio and telecommunications equipment repairer;Sales
nvriloc;Vriloc, Naana;Naana;Vriloc;#Start127;Canada;OU=Canada,OU=UserAccounts,DC=contoso,DC=azure;Fisher;Accounting and Finance
mmauer;Mauer, Markus;Markus;Mauer;#start130;Germany;OU=Germany,OU=UserAccounts,DC=contoso,DC=azure;Certified respiratory therapist;Helpdesk
bzimmerman;Zimmerman, Brigitte;Brigitte;Zimmerman;#start131;Australia;OU=Australia,OU=UserAccounts,DC=contoso,DC=azure;Case management aide;Management
cmeyer;Meyer, Claudia;Claudia;Meyer;#start132;Germany;OU=Germany,OU=UserAccounts,DC=contoso,DC=azure;Elementary school teacher;Marketing
nseeth;Seeth, NBaeli;NBaeli;Seeth;#start133;France;OU=France,OU=UserAccounts,DC=contoso,DC=azure;Sales worker driver;Sales
mlehmann;Lehmann, Max;Max;Lehmann;#start134;Australia;OU=Australia,OU=UserAccounts,DC=contoso,DC=azure;Dot etcher;Production
erestok;Restok, Ehleyr;Ehleyr;Restok;#start135;France;OU=France,OU=UserAccounts,DC=contoso,DC=azure;Administrator;Purchasing
dwirtz;Wirtz, David;David;Wirtz;#start136;Brazil;OU=Brazil,OU=UserAccounts,DC=contoso,DC=azure;Training and development specialist;Research and Development
omiqogh;MiQogh, OrfTo;OrfTo;MiQogh;#start137;US;OU=US,OU=UserAccounts,DC=contoso,DC=azure;Truck dispatcher;Sales
dbuerger;Buerger, Dirk;Dirk;Buerger;#Start127;Brazil;OU=Brazil,OU=UserAccounts,DC=contoso,DC=azure;Product promoter;Accounting and Finance
dschuhmacher;Schuhmacher, Dieter;Dieter;Schuhmacher;#start139;Germany;OU=Germany,OU=UserAccounts,DC=contoso,DC=azure;Publicity expert;Sales
wkazu;Kazu, WMorka;WMorka;Kazu;#Start127;Australia;OU=Australia,OU=UserAccounts,DC=contoso,DC=azure;Admissions officer;Accounting and Finance
nyatron;Yatron, Naana;Naana;Yatron;#start141;Brazil;OU=Brazil,OU=UserAccounts,DC=contoso,DC=azure;Forest fire inspector;Helpdesk
sberg;Berg, Sandra;Sandra;Berg;#start142;US;OU=US,OU=UserAccounts,DC=contoso,DC=azure;Extruding and forming machine operator;Management
bcole;Cole, Brigitte;Brigitte;Cole;#start143;Canada;OU=Canada,OU=UserAccounts,DC=contoso,DC=azure;Private detective;Marketing
rkhornezh;Khornezh, Rena;Rena;Khornezh;#start144;US;OU=US,OU=UserAccounts,DC=contoso,DC=azure;Shoe machine tender;Sales
ktrimori;Trimori, Kala;Kala;Trimori;#start145;US;OU=US,OU=UserAccounts,DC=contoso,DC=azure;First responder;Production
kmueller;Mueller, Kerstin;Kerstin;Mueller;#start123;US;OU=US,OU=UserAccounts,DC=contoso,DC=azure;Patient representative;Purchasing
mholzman;Holzman, Michelle;Michelle;Holzman;#start123;US;OU=US,OU=UserAccounts,DC=contoso,DC=azure;Macroeconomist;Research and Development
kbaumgaertner;Baumgaertner, Klaudia;Klaudia;Baumgaertner;#start123;US;OU=US,OU=UserAccounts,DC=contoso,DC=azure;Consultant dietitian;Sales
hmuller;Muller, Heike;Heike;Muller;#Start127;Canada;OU=Canada,OU=UserAccounts,DC=contoso,DC=azure;Audiologist;Accounting and Finance
heichel;Eichel, Heike;Heike;Eichel;#start123;Canada;OU=Canada,OU=UserAccounts,DC=contoso,DC=azure;Therapeutic recreation specialist;Sales
mfiedler;Fiedler, Michael;Michael;Fiedler;#Start127;France;OU=France,OU=UserAccounts,DC=contoso,DC=azure;Excavating operator;Accounting and Finance
cbeike;Beike, Christine;Christine;Beike;#start123;US;OU=US,OU=UserAccounts,DC=contoso,DC=azure;Composing machine operator;Helpdesk
sbaier;Baier, Simone;Simone;Baier;#start123;Brazil;OU=Brazil,OU=UserAccounts,DC=contoso,DC=azure;Surveyor;Management
mvollox;Vollox, MKara;MKara;Vollox;#start123;Brazil;OU=Brazil,OU=UserAccounts,DC=contoso,DC=azure;Surveillance officer;Marketing
eschwartz;Schwartz, Erik;Erik;Schwartz;#start123;France;OU=France,OU=UserAccounts,DC=contoso,DC=azure;Repairer;Sales
thurgas;Hurgas, TSira;TSira;Hurgas;#start123;US;OU=US,OU=UserAccounts,DC=contoso,DC=azure;Counter and rental clerk;Production
blasshar;Lasshar, BGira;BGira;Lasshar;#start123;Canada;OU=Canada,OU=UserAccounts,DC=contoso,DC=azure;Employee placement specialist;Purchasing
awannemaker;Wannemaker, Anna;Anna;Wannemaker;#start123;Canada;OU=Canada,OU=UserAccounts,DC=contoso,DC=azure;Biomedical equipment technician;Research and Development
mmaang;Maang, Maglus;Maglus;Maang;#start123;France;OU=France,OU=UserAccounts,DC=contoso,DC=azure;Marketing specialist;Sales
swirth;Wirth, Stefan;Stefan;Wirth;#Start127;Canada;OU=Canada,OU=UserAccounts,DC=contoso,DC=azure;Knitting machine operator;Accounting and Finance
agrunwald;Grunwald, Annett;Annett;Grunwald;#start123;Germany;OU=Germany,OU=UserAccounts,DC=contoso,DC=azure;Bindery worker;Sales
mstrauss;Strauss, Marcel;Marcel;Strauss;#Start127;Canada;OU=Canada,OU=UserAccounts,DC=contoso,DC=azure;Companion;Accounting and Finance
rkang;Kang, Reclaw;Reclaw;Kang;#start123;Canada;OU=Canada,OU=UserAccounts,DC=contoso,DC=azure;Credit reporter;Helpdesk
nfrankfurter;Frankfurter, Niklas;Niklas;Frankfurter;#start123;France;OU=France,OU=UserAccounts,DC=contoso,DC=azure;Textile winding, twisting, and drawing out machine operator;Management
eruktah;Ruktah, Ellal;Ellal;Ruktah;#start123;Brazil;OU=Brazil,OU=UserAccounts,DC=contoso,DC=azure;Electrical and electronics installer;Marketing
jlang;Lang, Juergen;Juergen;Lang;#start123;Canada;OU=Canada,OU=UserAccounts,DC=contoso,DC=azure;Loss prevention agent;Sales
rfarber;Farber, Ralf;Ralf;Farber;#start123;France;OU=France,OU=UserAccounts,DC=contoso,DC=azure;Human resources administrative assistant;Production
mmentori;Mentori, Mlara;Mlara;Mentori;#start123;Canada;OU=Canada,OU=UserAccounts,DC=contoso,DC=azure;Food processing occupation;Purchasing
ksubaiesh;Subaiesh, Karana;Karana;Subaiesh;#start123;France;OU=France,OU=UserAccounts,DC=contoso,DC=azure;Tumbling barrel painter;Research and Development
kkang;Kang, Koli;Koli;Kang;#start123;Canada;OU=Canada,OU=UserAccounts,DC=contoso,DC=azure;Property custodian;Sales
kmoctos;Moctos, Kroth;Kroth;Moctos;Farfan19;Brazil;OU=Brazil,OU=UserAccounts,DC=contoso,DC=azure;Ecologist;Accounting and Finance
jkuefer;Kuefer, Joerg;Joerg;Kuefer;Andy_1981;France;OU=France,OU=UserAccounts,DC=contoso,DC=azure;Clerical worker supervisor;Sales
jfuchs;Fuchs, Jessica;Jessica;Fuchs;Wiebelsheim23;Germany;OU=Germany,OU=UserAccounts,DC=contoso,DC=azure;Oncology nurse;Accounting and Finance
kgrunnil;Grunnil, Korth;Korth;Grunnil;Start@1234;Australia;OU=Australia,OU=UserAccounts,DC=contoso,DC=azure;Mail sorter;Helpdesk
jeisenhauer;Eisenhauer, Julia;Julia;Eisenhauer;Scheisse49;France;OU=France,OU=UserAccounts,DC=contoso,DC=azure;Tool sharpener;Management
jvriloc;Vriloc, JKurna;JKurna;Vriloc;Baraka321;Australia;OU=Australia,OU=UserAccounts,DC=contoso,DC=azure;Prosthodontist;Marketing
janag;Anag, JSira;JSira;Anag;12Rainer;US;OU=US,OU=UserAccounts,DC=contoso,DC=azure;Audio-visual collections specialist;Sales
tvallic;Vallic, TSira;TSira;Vallic;Yxcvbnm123!;Canada;OU=Canada,OU=UserAccounts,DC=contoso,DC=azure;Tire builder;Production
bfuhrmann;Fuhrmann, Brigitte;Brigitte;Fuhrmann;Jannis08;US;OU=US,OU=UserAccounts,DC=contoso,DC=azure;Astronautical engineer;Purchasing
mzuud;Zuud, MorMaltz;MorMaltz;Zuud;Adamgibson2000;US;OU=US,OU=UserAccounts,DC=contoso,DC=azure;News vendor;Research and Development
kmahler;Mahler, Katharina;Katharina;Mahler;PommeS11;Germany;OU=Germany,OU=UserAccounts,DC=contoso,DC=azure;Extruding and drawing machine setters;Sales
feisenhower;Eisenhower, Frank;Frank;Eisenhower;Apfel007;Canada;OU=Canada,OU=UserAccounts,DC=contoso,DC=azure;Survey researcher;Accounting and Finance
dmogh;Mogh, DaGa;DaGa;Mogh;Apfel100000;US;OU=US,OU=UserAccounts,DC=contoso,DC=azure;Singer;Sales
rkrueger;Krueger, Ralf;Ralf;Krueger;Adamek2014;Germany;OU=Germany,OU=UserAccounts,DC=contoso,DC=azure;Mental health assistant;Accounting and Finance
amuench;Muench, Anna;Anna;Muench;Adamek2015;France;OU=France,OU=UserAccounts,DC=contoso,DC=azure;Card punching machine operator;Helpdesk
clinarack;Linarack, ChTroka;ChTroka;Linarack;ghost123#;Canada;OU=Canada,OU=UserAccounts,DC=contoso,DC=azure;Sales worker supervisor;Management
mnacht;Nacht, Markus;Markus;Nacht;Winter2017!;US;OU=US,OU=UserAccounts,DC=contoso,DC=azure;Real estate assessor;Marketing
meichel;Eichel, Martina;Martina;Eichel;skipper2#;Germany;OU=Germany,OU=UserAccounts,DC=contoso,DC=azure;Escort interpreter;Sales
mfreud;Freud, Mike;Mike;Freud;hannah07$;Canada;OU=Canada,OU=UserAccounts,DC=contoso,DC=azure;Card punching machine operator;Production
rnaumann;Naumann, René;René;Naumann;fruehling1!;Brazil;OU=Brazil,OU=UserAccounts,DC=contoso,DC=azure;Structural and reinforcing iron and metal worker;Purchasing
jfaber;Faber, Juergen;Juergen;Faber;Stuttgart2015;Australia;OU=Australia,OU=UserAccounts,DC=contoso,DC=azure;Biological technician;Research and Development
kkuhn;Kuhn, Kevin;Kevin;Kuhn;jasmin01$;Canada;OU=Canada,OU=UserAccounts,DC=contoso,DC=azure;Geologist;Sales
pfarber;Farber, Philipp;Philipp;Farber;Sommer2016!;Australia;OU=Australia,OU=UserAccounts,DC=contoso,DC=azure;U.S. marshal;Accounting and Finance
snacht;Nacht, Susanne;Susanne;Nacht;Start2017!;US;OU=US,OU=UserAccounts,DC=contoso,DC=azure;Ratings analyst;Sales
dschwartz;Schwartz, Dieter;Dieter;Schwartz;anita01$;US;OU=US,OU=UserAccounts,DC=contoso,DC=azure;Economic geographer;Accounting and Finance
tkaas;Kaas, Tatell;Tatell;Kaas;Summer2018!;France;OU=France,OU=UserAccounts,DC=contoso,DC=azure;Physical oceanographer;Helpdesk
pbohm;Bohm, Petra;Petra;Bohm;August2018!;Brazil;OU=Brazil,OU=UserAccounts,DC=contoso,DC=azure;Paleomagnetist;Management
wlimmrii;Limmrii, WVixis;WVixis;Limmrii;Winter2018!;Brazil;OU=Brazil,OU=UserAccounts,DC=contoso,DC=azure;Repairer;Marketing
lkone;Kone, LTali;LTali;Kone;Hamburg2018!;France;OU=France,OU=UserAccounts,DC=contoso,DC=azure;Personnel assistant;Sales
kklinlor;Klinlor, Kali;Kali;Klinlor;Lufthansa2018!;Germany;OU=Germany,OU=UserAccounts,DC=contoso,DC=azure;Deputy sheriff;Production
jkharsack;Kharsack, JNaana;JNaana;Kharsack;Bayeux17!;Canada;OU=Canada,OU=UserAccounts,DC=contoso,DC=azure;Cutting, punching, and press machine operator;Purchasing
mbiermann;Biermann, Manuela;Manuela;Biermann;Start2018!;France;OU=France,OU=UserAccounts,DC=contoso,DC=azure;Administrative project coordinator;Research and Development
lmaur;Maur, Luca;Luca;Maur;Elvira01$;Canada;OU=Canada,OU=UserAccounts,DC=contoso,DC=azure;Cardiac and vascular nurse;Sales
kfrueh;Frueh, Kevin;Kevin;Frueh;Liam2016!;US;OU=US,OU=UserAccounts,DC=contoso,DC=azure;CPA;Accounting and Finance
klehrer;Lehrer, Kathrin;Kathrin;Lehrer;Teflon16!;Australia;OU=Australia,OU=UserAccounts,DC=contoso,DC=azure;Lease driver;Sales
tgaertner;Gaertner, Thomas;Thomas;Gaertner;thailand11#;Canada;OU=Canada,OU=UserAccounts,DC=contoso,DC=azure;Labor relations manager;Accounting and Finance
ebaumgartner;Baumgartner, Eric;Eric;Baumgartner;musical12#;Canada;OU=Canada,OU=UserAccounts,DC=contoso,DC=azure;Personnel services specialist;Helpdesk
jkunze;Kunze, Jana;Jana;Kunze;Wecker1!;Canada;OU=Canada,OU=UserAccounts,DC=contoso,DC=azure;Training and development specialist;Management
nkeraz;Keraz, Nasa;Nasa;Keraz;B@n@n312;US;OU=US,OU=UserAccounts,DC=contoso,DC=azure;Civil service clerk;Marketing
kkhard;Khard, Kratak;Kratak;Khard;Sept2018!;US;OU=US,OU=UserAccounts,DC=contoso,DC=azure;Farmer;Sales
ekorm;Korm, Ellal;Ellal;Korm;Stafford$6;Australia;OU=Australia,OU=UserAccounts,DC=contoso,DC=azure;Switchboard operator;Production
kruktah;Ruktah, Kratak;Kratak;Ruktah;Stafford$7;Australia;OU=Australia,OU=UserAccounts,DC=contoso,DC=azure;Airport tower controller;Purchasing
rkohler;Kohler, René;René;Kohler;Stafford#7;Australia;OU=Australia,OU=UserAccounts,DC=contoso,DC=azure;Credentials specialist;Research and Development
llarat;Larat, Lorgh;Lorgh;Larat;#Stafford9;Australia;OU=Australia,OU=UserAccounts,DC=contoso,DC=azure;Woodworker;Sales
abaum;Baum, Anja;Anja;Baum;Staffwor1&;Australia;OU=Australia,OU=UserAccounts,DC=contoso,DC=azure;Postmaster;Accounting and Finance
rweissmuller;Weissmuller, Ralf;Ralf;Weissmuller;Ab$3nc3;Germany;OU=Germany,OU=UserAccounts,DC=contoso,DC=azure;Homemaker;Sales
lkaiser;Kaiser, Lisa;Lisa;Kaiser;Adv!$0r;Germany;OU=Germany,OU=UserAccounts,DC=contoso,DC=azure;Gas pumping station operator;Accounting and Finance
cschultz;Schultz, Christine;Christine;Schultz;Adv1$0r;Brazil;OU=Brazil,OU=UserAccounts,DC=contoso,DC=azure;Mail machine operator;Helpdesk
fschmidt;Schmidt, Franziska;Franziska;Schmidt;Adv1$or;Australia;OU=Australia,OU=UserAccounts,DC=contoso,DC=azure;Gaming and sports book writer;Management
wozhpri;Ozhpri, WAval;WAval;Ozhpri;Adv!s0r;France;OU=France,OU=UserAccounts,DC=contoso,DC=azure;Transportation inspector;Marketing
afisher;Fisher, Andreas;Andreas;Fisher;Br3@dth;US;OU=US,OU=UserAccounts,DC=contoso,DC=azure;Budget manager;Sales
ukaufmann;Kaufmann, Uta;Uta;Kaufmann;Br@d3ly;US;OU=US,OU=UserAccounts,DC=contoso,DC=azure;Hand compositor;Production
knajuk;Najuk, Kehlt;Kehlt;Najuk;C3rt!f!3d;Canada;OU=Canada,OU=UserAccounts,DC=contoso,DC=azure;Medical and health services manager;Purchasing
sschuhmacher;Schuhmacher, Susanne;Susanne;Schuhmacher;Cr@ck1ng;US;OU=US,OU=UserAccounts,DC=contoso,DC=azure;Neuroscience nurse;Research and Development
jneygebh;Neygebh, JLij;JLij;Neygebh;D1$c1pl1nary;Australia;OU=Australia,OU=UserAccounts,DC=contoso,DC=azure;Elevator repairer;Sales
jaraxa;Araxa, JValkra;JValkra;Araxa;D1$c1pl1n@ry;Australia;OU=Australia,OU=UserAccounts,DC=contoso,DC=azure;Sign language interpreter;Accounting and Finance
kschuster;Schuster, Klaus;Klaus;Schuster;D1sc1pl1n@ry;Australia;OU=Australia,OU=UserAccounts,DC=contoso,DC=azure;General maintenance and repair worker;Sales
rdokmarr;DokMarr, Roda;Roda;DokMarr;El3@nor;Germany;OU=Germany,OU=UserAccounts,DC=contoso,DC=azure;Registered nurse anesthetist;Accounting and Finance
seberhart;Eberhart, Susanne;Susanne;Eberhart;Ele@n0r;France;OU=France,OU=UserAccounts,DC=contoso,DC=azure;Elevator inspector;Helpdesk
cdarj;Darj, ChKara;ChKara;Darj;Exp3r!3nc3;France;OU=France,OU=UserAccounts,DC=contoso,DC=azure;Powerhouse electrician;Management
kkotzher;Kotzher, Keve;Keve;Kotzher;F1n@nc3;France;OU=France,OU=UserAccounts,DC=contoso,DC=azure;Consultant dietitian;Marketing
dfreeh;Freeh, Dirk;Dirk;Freeh;F1n@nce;Australia;OU=Australia,OU=UserAccounts,DC=contoso,DC=azure;Housing relocator;Sales
tgodar;Godar, Toq;Toq;Godar;Fin@nc3;US;OU=US,OU=UserAccounts,DC=contoso,DC=azure;Staffing consultant;Production
maachen;Aachen, Max;Max;Aachen;F!nanc3;Brazil;OU=Brazil,OU=UserAccounts,DC=contoso,DC=azure;Enrichment education instructor;Purchasing
klaggal;Laggal, Karvan;Karvan;Laggal;F!n@nc3;Canada;OU=Canada,OU=UserAccounts,DC=contoso,DC=azure;Rental manager;Research and Development
sfassbinder;Fassbinder, Sandra;Sandra;Fassbinder;G3n3ral1$t;Australia;OU=Australia,OU=UserAccounts,DC=contoso,DC=azure;Community supervision officer;Sales
bhurric;Hurric, BLana;BLana;Hurric;G3n3rali$t;Australia;OU=Australia,OU=UserAccounts,DC=contoso,DC=azure;Pest control technician;Accounting and Finance
ekaestner;Kaestner, Erik;Erik;Kaestner;G3n3ral!st;Brazil;OU=Brazil,OU=UserAccounts,DC=contoso,DC=azure;Radar controller;Sales
gzalcveg;Zalcveg, GMora;GMora;Zalcveg;G3n3ral!$t;Germany;OU=Germany,OU=UserAccounts,DC=contoso,DC=azure;Musical instrument repairer;Accounting and Finance
lgrunnil;Grunnil, Luka;Luka;Grunnil;G3n3r@l1st;Canada;OU=Canada,OU=UserAccounts,DC=contoso,DC=azure;Administrative officer;Helpdesk
ktvar;Tvar, Kvada;Kvada;Tvar;G3n3r@list;Germany;OU=Germany,OU=UserAccounts,DC=contoso,DC=azure;Pipe organ repairer;Management
brestok;Restok, BGara;BGara;Restok;G3n3r@l!st;US;OU=US,OU=UserAccounts,DC=contoso,DC=azure;Time recorder;Marketing
bschuster;Schuster, Bernd;Bernd;Schuster;General1$t;Australia;OU=Australia,OU=UserAccounts,DC=contoso,DC=azure;Physical therapist;Sales
njorn;Jorn, NKeebho;NKeebho;Jorn;Gener@l1st;Germany;OU=Germany,OU=UserAccounts,DC=contoso,DC=azure;Industrial maintenance worker;Production
lkodash;Kodash, LGara;LGara;Kodash;Gener@l1$t;Germany;OU=Germany,OU=UserAccounts,DC=contoso,DC=azure;Human resources analyst;Purchasing
mmergh;Mergh, Memeth;Memeth;Mergh;Gr13vanc3$;France;OU=France,OU=UserAccounts,DC=contoso,DC=azure;Personal banker;Research and Development
kschmidt;Schmidt, Klaudia;Klaudia;Schmidt;Gr13v@nc3s;Germany;OU=Germany,OU=UserAccounts,DC=contoso,DC=azure;Announcer;Sales
mvok;Vok, Merzan;Merzan;Vok;Gr1evance$;Germany;OU=Germany,OU=UserAccounts,DC=contoso,DC=azure;Food cooking machine tender;Accounting and Finance
vhurgoh;Hurgoh, Vixis;Vixis;Hurgoh;Gr1ev@nce$;Germany;OU=Germany,OU=UserAccounts,DC=contoso,DC=azure;Justice of the peace;Sales
dnoggra;Noggra, DBura;DBura;Noggra;Gr1ev@nces;Germany;OU=Germany,OU=UserAccounts,DC=contoso,DC=azure;Embalmer;Accounting and Finance
agowron;Gowron, Aperokei;Aperokei;Gowron;Gr!3vanc3$;Canada;OU=Canada,OU=UserAccounts,DC=contoso,DC=azure;Fine arts photographer;Helpdesk
ragan;Agan, RRali;RRali;Agan;Gr!3vanc3s;Germany;OU=Germany,OU=UserAccounts,DC=contoso,DC=azure;Building construction estimator;Management
jblau;Blau, Jan;Jan;Blau;Gr!3v@nc3s;US;OU=US,OU=UserAccounts,DC=contoso,DC=azure;Radio announcer;Marketing
aabendroth;Abendroth, Alexander;Alexander;Abendroth;Gri3vanc3$;Germany;OU=Germany,OU=UserAccounts,DC=contoso,DC=azure;Purchasing technician;Sales
bhurn;Hurn, Baeli;Baeli;Hurn;Gri3v@nc3s;US;OU=US,OU=UserAccounts,DC=contoso,DC=azure;Dental assistant;Production
ttorg;Torg, TMira;TMira;Torg;H@ndl1ng;Germany;OU=Germany,OU=UserAccounts,DC=contoso,DC=azure;Arc cutter;Purchasing
tkommora;Kommora, Thopok;Thopok;Kommora;K!ngd0m;Canada;OU=Canada,OU=UserAccounts,DC=contoso,DC=azure;Engraver;Research and Development
nluft;Luft, Niklas;Niklas;Luft;M@n@g3m3nt;US;OU=US,OU=UserAccounts,DC=contoso,DC=azure;Cement mason;Sales
lvelai;Velai, Lestav;Lestav;Velai;M@n@g3r;France;OU=France,OU=UserAccounts,DC=contoso,DC=azure;Tool grinder;Accounting and Finance
elarat;Larat, Ellal;Ellal;Larat;P3n3trat!0n;Canada;OU=Canada,OU=UserAccounts,DC=contoso,DC=azure;Respiratory therapist;Sales
gkreth;Kreth, GhoKa;GhoKa;Kreth;P3n3trat!on;France;OU=France,OU=UserAccounts,DC=contoso,DC=azure;Footwear and accessory designer;Accounting and Finance
crestok;Restok, Chtargh;Chtargh;Restok;P3n3tr@t1on;Australia;OU=Australia,OU=UserAccounts,DC=contoso,DC=azure;Millwright;Helpdesk
llasshar;Lasshar, LKraka;LKraka;Lasshar;P3n3tr@tion;Germany;OU=Germany,OU=UserAccounts,DC=contoso,DC=azure;Musician;Management
abaer;Baer, Andrea;Andrea;Baer;P3n3tr@t!on;US;OU=US,OU=UserAccounts,DC=contoso,DC=azure;Timekeeper;Marketing
jabend;Abend, Juliane;Juliane;Abend;Pa$$w0rd;Canada;OU=Canada,OU=UserAccounts,DC=contoso,DC=azure;Fence erector;Sales
kkardem;Kardem, Kolline;Kolline;Kardem;Penetrat!0n;Australia;OU=Australia,OU=UserAccounts,DC=contoso,DC=azure;Vending machine technician;Production
szuud;Zuud, Syna;Syna;Zuud;Penetr@t!0n;Germany;OU=Germany,OU=UserAccounts,DC=contoso,DC=azure;Shampooer;Purchasing
ddresdner;Dresdner, Dirk;Dirk;Dresdner;Penetr@t10n;France;OU=France,OU=UserAccounts,DC=contoso,DC=azure;Surgeon;Research and Development
akastner;Kastner, Anne;Anne;Kastner;Penetr@t1on;US;OU=US,OU=UserAccounts,DC=contoso,DC=azure;Credentials specialist;Sales
vkoloth;Koloth, Vekma;Vekma;Koloth;Penetr@ti0n;Australia;OU=Australia,OU=UserAccounts,DC=contoso,DC=azure;Aircraft rigging assembler;Accounting and Finance
mlaggal;Laggal, Morag;Morag;Laggal;P@ssw0rd;France;OU=France,OU=UserAccounts,DC=contoso,DC=azure;Sports official;Sales
jshala;Shala, JEval;JEval;Shala;R3lat!0ns;Canada;OU=Canada,OU=UserAccounts,DC=contoso,DC=azure;Grip;Accounting and Finance
pmehler;Mehler, Petra;Petra;Mehler;R3lat1on$;France;OU=France,OU=UserAccounts,DC=contoso,DC=azure;Administrative office assistant;Helpdesk
kzimmerman;Zimmerman, Katharina;Katharina;Zimmerman;R3lation$;Canada;OU=Canada,OU=UserAccounts,DC=contoso,DC=azure;President;Management
dsepich;SepIch, Dezhe;Dezhe;SepIch;R3lat!on$;France;OU=France,OU=UserAccounts,DC=contoso,DC=azure;CT technologist;Marketing
mnapos;Napos, Maglin;Maglin;Napos;R3lat!ons;Brazil;OU=Brazil,OU=UserAccounts,DC=contoso,DC=azure;Liquid waste treatment plant and system operator;Sales
kmaang;Maang, Kodon;Kodon;Maang;R3l@t1ons;Brazil;OU=Brazil,OU=UserAccounts,DC=contoso,DC=azure;Printing machine operator;Production
krejac;Rejac, Koral;Koral;Rejac;R3l@tions;Australia;OU=Australia,OU=UserAccounts,DC=contoso,DC=azure;School and college counselor;Purchasing
jwinkel;Winkel, Jennifer;Jennifer;Winkel;R3l@t!ons;France;OU=France,OU=UserAccounts,DC=contoso,DC=azure;Paraeducator;Research and Development
bkarg;Karg, BDora;BDora;Karg;R@3t@L@b;Australia;OU=Australia,OU=UserAccounts,DC=contoso,DC=azure;Astronautical engineer;Sales
kduras;Duras, Kazj;Kazj;Duras;R@3t@L@b3;Canada;OU=Canada,OU=UserAccounts,DC=contoso,DC=azure;Personnel consultant;Accounting and Finance
mnessarc;Nessarc, MKara;MKara;Nessarc;R@5t@L@b;Australia;OU=Australia,OU=UserAccounts,DC=contoso,DC=azure;Sociologist;Sales
mkoru;Koru, MSira;MSira;Koru;R@5t@L@b5;Canada;OU=Canada,OU=UserAccounts,DC=contoso,DC=azure;Coil finisher;Accounting and Finance
namexar;Amexar, NTrala;NTrala;Amexar;Relat!0n$;Germany;OU=Germany,OU=UserAccounts,DC=contoso,DC=azure;Electrophysiologist;Helpdesk
kshala;Shala, Kelt;Kelt;Shala;Relat!0ns;France;OU=France,OU=UserAccounts,DC=contoso,DC=azure;Clinical psychologist;Management
raxenni;Axenni, RValkra;RValkra;Axenni;Relat10n$;US;OU=US,OU=UserAccounts,DC=contoso,DC=azure;Cleaning, washing, and metal pickling equipment tender;Marketing
krinn;Rinn, Kora;Kora;Rinn;Relat1on$;Brazil;OU=Brazil,OU=UserAccounts,DC=contoso,DC=azure;Periodontist;Sales
unaumann;Naumann, Uwe;Uwe;Naumann;Rel@t!0ns;Germany;OU=Germany,OU=UserAccounts,DC=contoso,DC=azure;Flight engineer;Production
kwirtz;Wirtz, Katrin;Katrin;Wirtz;Rel@t10ns;Germany;OU=Germany,OU=UserAccounts,DC=contoso,DC=azure;Structural metal fitter;Purchasing
teichmann;Eichmann, Tanja;Tanja;Eichmann;Rel@t1on$;Brazil;OU=Brazil,OU=UserAccounts,DC=contoso,DC=azure;Computer-controlled machine tool operator;Research and Development
lebersbach;Ebersbach, Lukas;Lukas;Ebersbach;Rel@t1ons;Australia;OU=Australia,OU=UserAccounts,DC=contoso,DC=azure;Pulmonary function technologist;Sales
rgaertner;Gaertner, Ralph;Ralph;Gaertner;Rel@ti0ns;US;OU=US,OU=UserAccounts,DC=contoso,DC=azure;Linguistic anthropologist;Accounting and Finance
kbaer;Baer, Kathrin;Kathrin;Baer;R@s7@L@b;Brazil;OU=Brazil,OU=UserAccounts,DC=contoso,DC=azure;Geological engineer;Sales
jlowe;Lowe, Jonas;Jonas;Lowe;R@s7@L@bs;France;OU=France,OU=UserAccounts,DC=contoso,DC=azure;Quality assurance inspector;Accounting and Finance
akortig;Kortig, Alexander;Alexander;Kortig;R@st@L@5;Canada;OU=Canada,OU=UserAccounts,DC=contoso,DC=azure;Web programmer;Helpdesk
kmayer;Mayer, Klaudia;Klaudia;Mayer;R@st@L@5s;Australia;OU=Australia,OU=UserAccounts,DC=contoso,DC=azure;Operations manager;Management
rneumann;Neumann, René;René;Neumann;R@st@L@8;Germany;OU=Germany,OU=UserAccounts,DC=contoso,DC=azure;Treasurer;Marketing
mloewe;Loewe, Martina;Martina;Loewe;R@st@L@8s;Australia;OU=Australia,OU=UserAccounts,DC=contoso,DC=azure;Public relations manager;Sales
bgoradh;Goradh, BRala;BRala;Goradh;S1ckn3$$;Germany;OU=Germany,OU=UserAccounts,DC=contoso,DC=azure;Air-conditioning mechanic;Production
skarat;Karat, Sirella;Sirella;Karat;S1ckne$$;Germany;OU=Germany,OU=UserAccounts,DC=contoso,DC=azure;Compliance officer;Purchasing
gilonari;Ilonari, Gorrod;Gorrod;Ilonari;S7@fford;US;OU=US,OU=UserAccounts,DC=contoso,DC=azure;Internist;Research and Development
bdresner;Dresner, Barbara;Barbara;Dresner;S!ckn3$$;Germany;OU=Germany,OU=UserAccounts,DC=contoso,DC=azure;Tilesetter;Sales
bgalann;Galann, BGrena;BGrena;Galann;S!ckn3ss;Brazil;OU=Brazil,OU=UserAccounts,DC=contoso,DC=azure;Piano tuner;Accounting and Finance
nkuster;Kuster, Nicole;Nicole;Kuster;Sickn3$$;Canada;OU=Canada,OU=UserAccounts,DC=contoso,DC=azure;Stock-control clerk;Sales
kktal;KTal, Kobalt;Kobalt;KTal;Sk1ll$3t;Australia;OU=Australia,OU=UserAccounts,DC=contoso,DC=azure;Office clerk;Accounting and Finance
ksankt;Sankt, Kevin;Kevin;Sankt;Sk1ll$et;US;OU=US,OU=UserAccounts,DC=contoso,DC=azure;Contract cutter;Helpdesk
snagel;Nagel, Swen;Swen;Nagel;Skill$3t;Germany;OU=Germany,OU=UserAccounts,DC=contoso,DC=azure;Lodging manager;Management
magan;Agan, Molar;Molar;Agan;Sk!ll$3t;US;OU=US,OU=UserAccounts,DC=contoso,DC=azure;Gaming supervisor;Marketing
mriskadh;Riskadh, MKura;MKura;Riskadh;Sk!lls3t;US;OU=US,OU=UserAccounts,DC=contoso,DC=azure;Color printer operator;Sales
vmoctos;Moctos, Vada;Vada;Moctos;St@ff0rd;Germany;OU=Germany,OU=UserAccounts,DC=contoso,DC=azure;Card punching machine operator;Production
bmnetic;Mnetic, Bura;Bura;Mnetic;T3chn1qu3$;Brazil;OU=Brazil,OU=UserAccounts,DC=contoso,DC=azure;Server;Purchasing
bscherer;Scherer, Benjamin;Benjamin;Scherer;T3chniq43$;Australia;OU=Australia,OU=UserAccounts,DC=contoso,DC=azure;Sampler;Research and Development
zneygebh;Neygebh, Zharn;Zharn;Neygebh;T3chn!q43s;Germany;OU=Germany,OU=UserAccounts,DC=contoso,DC=azure;Research dietitian;Sales
dschulze;Schulze, Dominik;Dominik;Schulze;T3chn!qu3$;US;OU=US,OU=UserAccounts,DC=contoso,DC=azure;Newscaster;Accounting and Finance
shoover;Hoover, Steffen;Steffen;Hoover;T3chn!qu3s;Canada;OU=Canada,OU=UserAccounts,DC=contoso,DC=azure;Teller supervisor;Sales
dsanger;Sanger, Diana;Diana;Sanger;Techn1q4e$;Canada;OU=Canada,OU=UserAccounts,DC=contoso,DC=azure;Counselor;Accounting and Finance
rpfeiffer;Pfeiffer, Ralf;Ralf;Pfeiffer;Techn1que$;Canada;OU=Canada,OU=UserAccounts,DC=contoso,DC=azure;Real estate assessor;Helpdesk
ucole;Cole, Uta;Uta;Cole;Techn!q4e$;Canada;OU=Canada,OU=UserAccounts,DC=contoso,DC=azure;Meeting manager;Management
lschreiber;Schreiber, Lucas;Lucas;Schreiber;Techn!q4es;US;OU=US,OU=UserAccounts,DC=contoso,DC=azure;Information designer;Marketing
tfreitag;Freitag, Thomas;Thomas;Freitag;a0SENCE!;France;OU=France,OU=UserAccounts,DC=contoso,DC=azure;Gas compressor and gas pumping station operator;Sales
pcole;Cole, Paul;Paul;Cole;A0sence!;Germany;OU=Germany,OU=UserAccounts,DC=contoso,DC=azure;Scrub;Production
khurgoh;Hurgoh, Kaj;Kaj;Hurgoh;a0VISOR!;France;OU=France,OU=UserAccounts,DC=contoso,DC=azure;Woodworking machine operator;Purchasing
tkuefer;Kuefer, Thomas;Thomas;Kuefer;A0visor!;Brazil;OU=Brazil,OU=UserAccounts,DC=contoso,DC=azure;Home appliance repairer;Research and Development
nrestok;Restok, NKeebho;NKeebho;Restok;a1SENCE!;US;OU=US,OU=UserAccounts,DC=contoso,DC=azure;Cleaner;Sales
pbaum;Baum, Petra;Petra;Baum;A1sence!;Canada;OU=Canada,OU=UserAccounts,DC=contoso,DC=azure;Electrologist;Accounting and Finance
kkaneida;Kaneida, Keedera;Keedera;Kaneida;a1VISOR!;US;OU=US,OU=UserAccounts,DC=contoso,DC=azure;Line erector;Sales
cwerner;Werner, Christian;Christian;Werner;A1visor!;Germany;OU=Germany,OU=UserAccounts,DC=contoso,DC=azure;Paper coating machine operator;Accounting and Finance
mrothschild;Rothschild, Marina;Marina;Rothschild;a3SENCE!;France;OU=France,OU=UserAccounts,DC=contoso,DC=azure;Companion;Helpdesk
ngerste;Gerste, Niklas;Niklas;Gerste;A3sence!;Canada;OU=Canada,OU=UserAccounts,DC=contoso,DC=azure;Promoter;Management
gkallatar;Kallatar, GNara;GNara;Kallatar;a3VISOR!;France;OU=France,OU=UserAccounts,DC=contoso,DC=azure;General internist;Marketing
ukeller;Keller, Uta;Uta;Keller;A3visor!;France;OU=France,OU=UserAccounts,DC=contoso,DC=azure;Correctional officer;Sales
teberhardt;Eberhardt, Tom;Tom;Eberhardt;a5SENCE!;Germany;OU=Germany,OU=UserAccounts,DC=contoso,DC=azure;General office clerk;Production
jkoch;Koch, Juergen;Juergen;Koch;A5sence!;Australia;OU=Australia,OU=UserAccounts,DC=contoso,DC=azure;Service technician;Purchasing
jamexar;Amexar, JRena;JRena;Amexar;a5VISOR!;Canada;OU=Canada,OU=UserAccounts,DC=contoso,DC=azure;Management development specialist;Research and Development
aneumann;Neumann, Angelika;Angelika;Neumann;A5visor!;Canada;OU=Canada,OU=UserAccounts,DC=contoso,DC=azure;Publicity agent;Sales
eherz;Herz, Eric;Eric;Herz;aB0ENCE!;US;OU=US,OU=UserAccounts,DC=contoso,DC=azure;Material recording;Accounting and Finance
rmnemon;Mnemon, Rela;Rela;Mnemon;Ab0ence!;Australia;OU=Australia,OU=UserAccounts,DC=contoso,DC=azure;Airman;Sales
pkaufmann;Kaufmann, Peter;Peter;Kaufmann;aB1ENCE!;Canada;OU=Canada,OU=UserAccounts,DC=contoso,DC=azure;Pesticide applicator;Accounting and Finance
jrenjar;Renjar, JLij;JLij;Renjar;Ab1ence!;Germany;OU=Germany,OU=UserAccounts,DC=contoso,DC=azure;Anchor;Helpdesk
mhofmann;Hofmann, Mike;Mike;Hofmann;aB3ENCE!;Brazil;OU=Brazil,OU=UserAccounts,DC=contoso,DC=azure;Applications engineer;Management
kmartok;Martok, Kalara;Kalara;Martok;Ab3ence!;Australia;OU=Australia,OU=UserAccounts,DC=contoso,DC=azure;Bench carpenter;Marketing
jachen;Achen, Juergen;Juergen;Achen;aB5ENCE!;US;OU=US,OU=UserAccounts,DC=contoso,DC=azure;Parole officer;Sales
lburger;Burger, Lena;Lena;Burger;Ab5ence!;Brazil;OU=Brazil,OU=UserAccounts,DC=contoso,DC=azure;Academic dean;Production
dstrauss;Strauss, Diana;Diana;Strauss;aBS0NCE!;US;OU=US,OU=UserAccounts,DC=contoso,DC=azure;Millwright;Purchasing
jackerman;Ackerman, Jennifer;Jennifer;Ackerman;Abs0nce!;Brazil;OU=Brazil,OU=UserAccounts,DC=contoso,DC=azure;Yoga instructor;Research and Development
sfaust;Faust, Stephan;Stephan;Faust;aBS1NCE!;Canada;OU=Canada,OU=UserAccounts,DC=contoso,DC=azure;Employee welfare manager;Sales
mdjon;Djon, Mektor;Mektor;Djon;Abs1nce!;Germany;OU=Germany,OU=UserAccounts,DC=contoso,DC=azure;En route controller;Accounting and Finance
dbauer;Bauer, Daniel;Daniel;Bauer;aBS3NC3!;US;OU=US,OU=UserAccounts,DC=contoso,DC=azure;Meeting manager;Sales
rlorgh;Lorgh, RNona;RNona;Lorgh;Abs3nc3!;Brazil;OU=Brazil,OU=UserAccounts,DC=contoso,DC=azure;Time and attendance clerk;Accounting and Finance
peberhart;Eberhart, Philipp;Philipp;Eberhart;aBS3NCE!;Germany;OU=Germany,OU=UserAccounts,DC=contoso,DC=azure;Accounts payable clerk;Helpdesk
lkoehler;Koehler, Laura;Laura;Koehler;Abs3nce!;Canada;OU=Canada,OU=UserAccounts,DC=contoso,DC=azure;Broker;Management
mdecker;Decker, Martina;Martina;Decker;aBS5NCE!;Brazil;OU=Brazil,OU=UserAccounts,DC=contoso,DC=azure;Appraiser;Marketing
bissarra;Issarra, BGara;BGara;Issarra;aBS5NCE!;Germany;OU=Germany,OU=UserAccounts,DC=contoso,DC=azure;Electrical power line installer;Sales
kgorkon;Gorkon, Kishin;Kishin;Gorkon;aDVISOR2017!;France;OU=France,OU=UserAccounts,DC=contoso,DC=azure;Taper;Production
msimparri;Simparri, MTali;MTali;Simparri;Advisor2017!;Brazil;OU=Brazil,OU=UserAccounts,DC=contoso,DC=azure;Occupational health and safety technician;Purchasing
mfriedman;Friedman, Marco;Marco;Friedman;aDVISOR2018!;Australia;OU=Australia,OU=UserAccounts,DC=contoso,DC=azure;Window clerk;Research and Development
nrannic;Rannic, NHussa;NHussa;Rannic;Advisor2018!;US;OU=US,OU=UserAccounts,DC=contoso,DC=azure;Publications specialist;Sales
tkodash;Kodash, TLane;TLane;Kodash;aDVISOR2019!;Brazil;OU=Brazil,OU=UserAccounts,DC=contoso,DC=azure;Handymen;Accounting and Finance
sachen;Achen, Sophie;Sophie;Achen;Advisor2019!;Germany;OU=Germany,OU=UserAccounts,DC=contoso,DC=azure;Applied mathematician;Sales
cillioth;Illioth, ChTihla;ChTihla;Illioth;aDVISOR2020!;Brazil;OU=Brazil,OU=UserAccounts,DC=contoso,DC=azure;Auto damage appraiser;Accounting and Finance
uduerr;Duerr, Uwe;Uwe;Duerr;Advisor2020!;France;OU=France,OU=UserAccounts,DC=contoso,DC=azure;Packaging and filling machine tender;Helpdesk
jfenstermacher;Fenstermacher, Johanna;Johanna;Fenstermacher;aMBER1!;Brazil;OU=Brazil,OU=UserAccounts,DC=contoso,DC=azure;Residential advisor;Management
pschulz;Schulz, Phillipp;Phillipp;Schulz;Amber1!;Brazil;OU=Brazil,OU=UserAccounts,DC=contoso,DC=azure;Air traffic controller;Marketing
tkerpach;Kerpach, TSira;TSira;Kerpach;aMBER123!;France;OU=France,OU=UserAccounts,DC=contoso,DC=azure;Design printing machine operator;Sales
awaechter;Waechter, Andrea;Andrea;Waechter;Amber123!;US;OU=US,OU=UserAccounts,DC=contoso,DC=azure;Linguistic anthropologist;Production
lkhemara;Khemara, LKozak;LKozak;Khemara;aMBER2015!;Brazil;OU=Brazil,OU=UserAccounts,DC=contoso,DC=azure;Musical instrument repairer;Purchasing
jnapos;Napos, JLane;JLane;Napos;Amber2015!;Brazil;OU=Brazil,OU=UserAccounts,DC=contoso,DC=azure;Sportscaster;Research and Development
kuvarek;Uvarek, Kiatae;Kiatae;Uvarek;aMBER2016!;Germany;OU=Germany,OU=UserAccounts,DC=contoso,DC=azure;Job placement officer;Sales
crovashi;Rovashi, ChGira;ChGira;Rovashi;Amber2016!;France;OU=France,OU=UserAccounts,DC=contoso,DC=azure;Composing machine tender;Accounting and Finance
bavell;Avell, Belanna;Belanna;Avell;aMBER2017!;Germany;OU=Germany,OU=UserAccounts,DC=contoso,DC=azure;Judiciary translator;Sales
tdiederich;Diederich, Tim;Tim;Diederich;Amber2017!;Australia;OU=Australia,OU=UserAccounts,DC=contoso,DC=azure;Executive editor;Accounting and Finance
kcaxel;Caxel, Konli;Konli;Caxel;aMBER2018!;Brazil;OU=Brazil,OU=UserAccounts,DC=contoso,DC=azure;Technical recruiter;Helpdesk
lvenonn;Venonn, LTava;LTava;Venonn;Amber2018!;Germany;OU=Germany,OU=UserAccounts,DC=contoso,DC=azure;Recreation supervisor;Management
kbosch;Bosch, Kristin;Kristin;Bosch;aMBER2019!;Australia;OU=Australia,OU=UserAccounts,DC=contoso,DC=azure;Staff manager;Marketing
ahimmel;Himmel, Anne;Anne;Himmel;Amber2019!;Canada;OU=Canada,OU=UserAccounts,DC=contoso,DC=azure;Home appliance repairer;Sales
ekor;Kor, Enen;Enen;Kor;aMBER2020!;France;OU=France,OU=UserAccounts,DC=contoso,DC=azure;Floor installer;Production
srothstein;Rothstein, Sandra;Sandra;Rothstein;Amber2020!;Brazil;OU=Brazil,OU=UserAccounts,DC=contoso,DC=azure;Loan processing clerk;Purchasing
jklasq;Klasq, JValkra;JValkra;Klasq;b0ADELY!;Canada;OU=Canada,OU=UserAccounts,DC=contoso,DC=azure;Marketing specialist;Research and Development
rkozak;Kozak, Rena;Rena;Kozak;B0adely!;France;OU=France,OU=UserAccounts,DC=contoso,DC=azure;Avionics technician;Sales
mmehler;Mehler, Monika;Monika;Mehler;b0EADTH!;France;OU=France,OU=UserAccounts,DC=contoso,DC=azure;Baker;Accounting and Finance
jfreud;Freud, Jens;Jens;Freud;B0eadth!;Brazil;OU=Brazil,OU=UserAccounts,DC=contoso,DC=azure;Policy analyst;Sales
rsimparri;Simparri, RRyna;RRyna;Simparri;b1ADELY!;Australia;OU=Australia,OU=UserAccounts,DC=contoso,DC=azure;Director;Accounting and Finance
rkonjah;Konjah, Ryna;Ryna;Konjah;B1adely!;Canada;OU=Canada,OU=UserAccounts,DC=contoso,DC=azure;Personal banker;Helpdesk
jgruenewald;Gruenewald, Jessica;Jessica;Gruenewald;b1EADTH!;US;OU=US,OU=UserAccounts,DC=contoso,DC=azure;Railcar repairer;Management
thoover;Hoover, Tobias;Tobias;Hoover;B1eadth!;US;OU=US,OU=UserAccounts,DC=contoso,DC=azure;Food service worker;Marketing
akohler;Kohler, Anna;Anna;Kohler;b3ADELY!;US;OU=US,OU=UserAccounts,DC=contoso,DC=azure;Sales worker;Sales
jbarth;Barth, Juergen;Juergen;Barth;B3adely!;France;OU=France,OU=UserAccounts,DC=contoso,DC=azure;Industrial production manager;Production
ckaestner;Kaestner, Christine;Christine;Kaestner;b3EADTH!;France;OU=France,OU=UserAccounts,DC=contoso,DC=azure;Insurance manager;Purchasing
bzuud;Zuud, BMira;BMira;Zuud;B3eadth!;Australia;OU=Australia,OU=UserAccounts,DC=contoso,DC=azure;Microbiology technologist;Research and Development
mkazu;Kazu, Maal;Maal;Kazu;b5ADELY!;US;OU=US,OU=UserAccounts,DC=contoso,DC=azure;Placement officer;Sales
sabendroth;Abendroth, Swen;Swen;Abendroth;B5adely!;US;OU=US,OU=UserAccounts,DC=contoso,DC=azure;Heat treating equipment operator;Accounting and Finance
akodash;Kodash, Adjur;Adjur;Kodash;b5EADTH!;Germany;OU=Germany,OU=UserAccounts,DC=contoso,DC=azure;Property disposal specialist;Sales
keberhart;Eberhart, Klaudia;Klaudia;Eberhart;B5eadth!;France;OU=France,OU=UserAccounts,DC=contoso,DC=azure;Title examiner;Accounting and Finance
kprobst;Probst, Klaus;Klaus;Probst;bR0ADTH!;US;OU=US,OU=UserAccounts,DC=contoso,DC=azure;Biomedical equipment technician;Helpdesk
yzimmerman;Zimmerman, Yvonne;Yvonne;Zimmerman;Br0adth!;Canada;OU=Canada,OU=UserAccounts,DC=contoso,DC=azure;Development specialist;Management
molahg;Olahg, Morath;Morath;Olahg;bR0DELY!;Germany;OU=Germany,OU=UserAccounts,DC=contoso,DC=azure;Rough carpenter;Marketing
tkmpok;Kmpok, Tregok;Tregok;Kmpok;Br0dely!;US;OU=US,OU=UserAccounts,DC=contoso,DC=azure;Paraprofessional;Sales
jgottlieb;Gottlieb, Jana;Jana;Gottlieb;bR1ADTH!;US;OU=US,OU=UserAccounts,DC=contoso,DC=azure;Macroeconomist;Production
acole;Cole, Anna;Anna;Cole;Br1adth!;US;OU=US,OU=UserAccounts,DC=contoso,DC=azure;Library technician;Purchasing
wmogh;Mogh, WMira;WMira;Mogh;bR1DELY!;France;OU=France,OU=UserAccounts,DC=contoso,DC=azure;Nuclear medicine technologist;Research and Development
rissarra;Issarra, RMira;RMira;Issarra;Br1dely!;US;OU=US,OU=UserAccounts,DC=contoso,DC=azure;Drafter;Sales
jmalok;Malok, JKoli;JKoli;Malok;bR3ADTH!;Germany;OU=Germany,OU=UserAccounts,DC=contoso,DC=azure;Education and development manager;Accounting and Finance
kdokmarr;DokMarr, Ktemoc;Ktemoc;DokMarr;Br3adth!;Canada;OU=Canada,OU=UserAccounts,DC=contoso,DC=azure;Machine tender;Sales
megger;Egger, Maria;Maria;Egger;bR3DELY!;Germany;OU=Germany,OU=UserAccounts,DC=contoso,DC=azure;Hostler;Accounting and Finance
sloewe;Loewe, Susanne;Susanne;Loewe;Br3dely!;Germany;OU=Germany,OU=UserAccounts,DC=contoso,DC=azure;Cost engineer;Helpdesk
mklasq;Klasq, MKara;MKara;Klasq;bR3@DTH;France;OU=France,OU=UserAccounts,DC=contoso,DC=azure;News vendor;Management
jlemann;Lemann, Juergen;Juergen;Lemann;bR3@DTH!;Brazil;OU=Brazil,OU=UserAccounts,DC=contoso,DC=azure;Judiciary translator;Marketing
trevulac;Revulac, Tatell;Tatell;Revulac;Br3@dth;Brazil;OU=Brazil,OU=UserAccounts,DC=contoso,DC=azure;Leather worker;Sales
alimur;Limur, Arizhel;Arizhel;Limur;Br3@dth!;Australia;OU=Australia,OU=UserAccounts,DC=contoso,DC=azure;Textile knitting and weaving machine setter;Production
fkastner;Kastner, Franziska;Franziska;Kastner;bR5ADTH!;Brazil;OU=Brazil,OU=UserAccounts,DC=contoso,DC=azure;Gas furnace installer;Purchasing
krannic;Rannic, Ktemoc;Ktemoc;Rannic;Br5adth!;US;OU=US,OU=UserAccounts,DC=contoso,DC=azure;Cooling and freezing equipment tender;Research and Development
afuhrmann;Fuhrmann, Anne;Anne;Fuhrmann;bR5DELY!;Australia;OU=Australia,OU=UserAccounts,DC=contoso,DC=azure;Quality auditor;Sales
mkorat;Korat, MKura;MKura;Korat;Br5dely!;Brazil;OU=Brazil,OU=UserAccounts,DC=contoso,DC=azure;Agricultural product grader;Accounting and Finance
msurn;Surn, Mora;Mora;Surn;bRA0ELY!;Germany;OU=Germany,OU=UserAccounts,DC=contoso,DC=azure;Psychiatric nurse;Sales
rnoggra;Noggra, RNona;RNona;Noggra;Bra0ely!;Germany;OU=Germany,OU=UserAccounts,DC=contoso,DC=azure;Printing machine operator;Accounting and Finance
bjarov;Jarov, BGira;BGira;Jarov;bRA1ELY!;Australia;OU=Australia,OU=UserAccounts,DC=contoso,DC=azure;PBX repairer;Helpdesk
kziegler;Ziegler, Klaudia;Klaudia;Ziegler;Bra1ely!;Brazil;OU=Brazil,OU=UserAccounts,DC=contoso,DC=azure;Immigration and Naturalization Service (INS) agent;Management
pkortig;Kortig, Phillipp;Phillipp;Kortig;bRA3ELY!;US;OU=US,OU=UserAccounts,DC=contoso,DC=azure;Door-to-door sales worker;Marketing
atlak;Tlak, Azhurlar;Azhurlar;Tlak;Bra3ely!;Canada;OU=Canada,OU=UserAccounts,DC=contoso,DC=azure;Cardiovascular technologist;Sales
kgottschalk;Gottschalk, Karin;Karin;Gottschalk;bRA5ELY!;US;OU=US,OU=UserAccounts,DC=contoso,DC=azure;Health care interpreter;Production
jtrothir;Trothir, Jodmos;Jodmos;Trothir;Bra5ely!;France;OU=France,OU=UserAccounts,DC=contoso,DC=azure;Cutting, punching, and press machine setter;Purchasing
mschweitzer;Schweitzer, Michelle;Michelle;Schweitzer;bRAD3LY!;Brazil;OU=Brazil,OU=UserAccounts,DC=contoso,DC=azure;Public affairs specialist;Research and Development
kkular;Kular, Kezhke;Kezhke;Kular;Brad3ly!;Australia;OU=Australia,OU=UserAccounts,DC=contoso,DC=azure;Typographer;Sales
lmvoric;Mvoric, Lora;Lora;Mvoric;bRADE1Y!;US;OU=US,OU=UserAccounts,DC=contoso,DC=azure;Financial economist;Accounting and Finance
rboral;Boral, RMira;RMira;Boral;Brade1y!;Germany;OU=Germany,OU=UserAccounts,DC=contoso,DC=azure;Commercial lender;Sales
afaber;Faber, Anja;Anja;Faber;bRADELY1!;Canada;OU=Canada,OU=UserAccounts,DC=contoso,DC=azure;Nursery worker;Accounting and Finance
lbusch;Busch, Lisa;Lisa;Busch;Bradely1!;France;OU=France,OU=UserAccounts,DC=contoso,DC=azure;Engraver set-up operator;Helpdesk
mfleischer;Fleischer, Matthias;Matthias;Fleischer;bRADELY123!;Australia;OU=Australia,OU=UserAccounts,DC=contoso,DC=azure;File clerk;Management
bpaghal;Paghal, Baeli;Baeli;Paghal;Bradely123!;Australia;OU=Australia,OU=UserAccounts,DC=contoso,DC=azure;Punch card operator;Marketing
lpfeiffer;Pfeiffer, Lea;Lea;Pfeiffer;bRADELY2015!;Australia;OU=Australia,OU=UserAccounts,DC=contoso,DC=azure;Automotive service technician;Sales
tgrendle;Grendle, TEllan;TEllan;Grendle;Bradely2015!;Canada;OU=Canada,OU=UserAccounts,DC=contoso,DC=azure;Image designer;Production
rzimmer;Zimmer, Ralf;Ralf;Zimmer;bRADELY2016!;US;OU=US,OU=UserAccounts,DC=contoso,DC=azure;Amusement machine servicer;Purchasing
mpapst;Papst, Martin;Martin;Papst;Bradely2016!;US;OU=US,OU=UserAccounts,DC=contoso,DC=azure;Furniture finisher;Research and Development
kabt;Abt, Karolin;Karolin;Abt;bRADELY2017!;Brazil;OU=Brazil,OU=UserAccounts,DC=contoso,DC=azure;Astronautical engineer;Sales
msanger;Sanger, Mario;Mario;Sanger;Bradely2017!;Australia;OU=Australia,OU=UserAccounts,DC=contoso,DC=azure;Order processor;Accounting and Finance
kfriedman;Friedman, Katja;Katja;Friedman;bRADELY2018!;Brazil;OU=Brazil,OU=UserAccounts,DC=contoso,DC=azure;Heavy vehicle and mobile equipment service technician;Sales
kwulfek;Wulfek, Kahir;Kahir;Wulfek;Bradely2018!;Australia;OU=Australia,OU=UserAccounts,DC=contoso,DC=azure;Clerk typist;Accounting and Finance
ghartmann;Hartmann, Gabriele;Gabriele;Hartmann;bRADELY2019!;France;OU=France,OU=UserAccounts,DC=contoso,DC=azure;Receiving clerk;Helpdesk
rkleevas;Kleevas, RValkra;RValkra;Kleevas;Bradely2019!;France;OU=France,OU=UserAccounts,DC=contoso,DC=azure;Custom inspector;Management
dmuench;Muench, Dieter;Dieter;Muench;bRADELY2020!;Canada;OU=Canada,OU=UserAccounts,DC=contoso,DC=azure;Telecommunications line installer;Marketing
adecara;Decara, Ahikar;Ahikar;Decara;Bradely2020!;Canada;OU=Canada,OU=UserAccounts,DC=contoso,DC=azure;Keypunch operator;Sales
dkruge;Kruge, DKora;DKora;Kruge;bR@D3LY;Canada;OU=Canada,OU=UserAccounts,DC=contoso,DC=azure;Dental surgery doctor;Production
cbusch;Busch, Christina;Christina;Busch;bR@D3LY!;Germany;OU=Germany,OU=UserAccounts,DC=contoso,DC=azure;Conservation forester;Purchasing
anivalli;Nivalli, Angghal;Angghal;Nivalli;Br@d3ly;US;OU=US,OU=UserAccounts,DC=contoso,DC=azure;Companion;Research and Development
blowe;Lowe, Brigitte;Brigitte;Lowe;Br@d3ly!;France;OU=France,OU=UserAccounts,DC=contoso,DC=azure;Title abstractor;Sales
dkaas;Kaas, DLursa;DLursa;Kaas;bRE0DTH!;France;OU=France,OU=UserAccounts,DC=contoso,DC=azure;Office administrator;Accounting and Finance
nshala;Shala, NKeebho;NKeebho;Shala;Bre0dth!;France;OU=France,OU=UserAccounts,DC=contoso,DC=azure;Labor contractor;Sales
kquarn;Quarn, Kmpec;Kmpec;Quarn;bRE1DTH!;Germany;OU=Germany,OU=UserAccounts,DC=contoso,DC=azure;Rehabilitation counselor;Accounting and Finance
lpapst;Papst, Lena;Lena;Papst;Bre1dth!;Australia;OU=Australia,OU=UserAccounts,DC=contoso,DC=azure;Radio operator;Helpdesk
jgomorrac;Gomorrac, JLana;JLana;Gomorrac;bRE3DTH!;Germany;OU=Germany,OU=UserAccounts,DC=contoso,DC=azure;Show host;Management
akirsch;Kirsch, Angelika;Angelika;Kirsch;Bre3dth!;France;OU=France,OU=UserAccounts,DC=contoso,DC=azure;Life Guard;Marketing
evogel;Vogel, Eric;Eric;Vogel;bRE5DTH!;Canada;OU=Canada,OU=UserAccounts,DC=contoso,DC=azure;Treasurer;Sales
aschroeder;Schroeder, Anja;Anja;Schroeder;Bre5dth!;Canada;OU=Canada,OU=UserAccounts,DC=contoso,DC=azure;Affirmative action coordinator;Production
jglockner;Glockner, Juergen;Juergen;Glockner;bREADTH1!;Germany;OU=Germany,OU=UserAccounts,DC=contoso,DC=azure;Insulation worker;Purchasing
tonnak;Onnak, Tatell;Tatell;Onnak;Breadth1!;Canada;OU=Canada,OU=UserAccounts,DC=contoso,DC=azure;Personnel associate;Research and Development
sgura;Gura, Shene;Shene;Gura;bREADTH123!;France;OU=France,OU=UserAccounts,DC=contoso,DC=azure;Physiologist;Sales
txypeni;Xypeni, Tanang;Tanang;Xypeni;Breadth123!;Germany;OU=Germany,OU=UserAccounts,DC=contoso,DC=azure;Loan officer;Accounting and Finance
fmauer;Mauer, Frank;Frank;Mauer;bREADTH2015!;Australia;OU=Australia,OU=UserAccounts,DC=contoso,DC=azure;Banquet manager;Sales
pbar;Bar, Peter;Peter;Bar;Breadth2015!;US;OU=US,OU=UserAccounts,DC=contoso,DC=azure;Enrobing machine operator;Accounting and Finance
pschwarz;Schwarz, Phillipp;Phillipp;Schwarz;bREADTH2016!;Germany;OU=Germany,OU=UserAccounts,DC=contoso,DC=azure;Television announcer;Helpdesk
jackermann;Ackermann, Jonas;Jonas;Ackermann;Breadth2016!;US;OU=US,OU=UserAccounts,DC=contoso,DC=azure;Safe repairer;Management
bwerner;Werner, Birgit;Birgit;Werner;bREADTH2017!;Australia;OU=Australia,OU=UserAccounts,DC=contoso,DC=azure;Barber;Marketing
jsubaiesh;Subaiesh, JNaana;JNaana;Subaiesh;Breadth2017!;Brazil;OU=Brazil,OU=UserAccounts,DC=contoso,DC=azure;Biomedical engineer;Sales
ggrunnil;Grunnil, GMora;GMora;Grunnil;bREADTH2018!;Australia;OU=Australia,OU=UserAccounts,DC=contoso,DC=azure;Instrumentation technician;Production
klimmrii;Limmrii, KaCho;KaCho;Limmrii;Breadth2018!;France;OU=France,OU=UserAccounts,DC=contoso,DC=azure;Occupational health and safety technician;Purchasing
jdresner;Dresner, Jennifer;Jennifer;Dresner;bREADTH2019!;Germany;OU=Germany,OU=UserAccounts,DC=contoso,DC=azure;Gaming machine repairer;Research and Development
blustra;Lustra, BMira;BMira;Lustra;Breadth2019!;US;OU=US,OU=UserAccounts,DC=contoso,DC=azure;Forging machine setter;Sales
bmueller;Mueller, Barbara;Barbara;Mueller;bREADTH2020!;Germany;OU=Germany,OU=UserAccounts,DC=contoso,DC=azure;Telecommunications equipment repairer;Accounting and Finance
kabarsha;Abarsha, Kuna;Kuna;Abarsha;Breadth2020!;Germany;OU=Germany,OU=UserAccounts,DC=contoso,DC=azure;Aircraft engineer;Sales
mhuber;Huber, Melanie;Melanie;Huber;c0ACKING!;Brazil;OU=Brazil,OU=UserAccounts,DC=contoso,DC=azure;E-Mail Expert;ExchangeAdmins
mglockner;Glockner, Maximilian;Maximilian;Glockner;C0acking!;Brazil;OU=Brazil,OU=UserAccounts,DC=contoso,DC=azure;Administrative office manager;Helpdesk
hkarat;Karat, HoKa;HoKa;Karat;c0MP3T3NCY!;France;OU=France,OU=UserAccounts,DC=contoso,DC=azure;Employment recruiter;Management
shirsch;Hirsch, Stephanie;Stephanie;Hirsch;C0mp3t3ncy!;Canada;OU=Canada,OU=UserAccounts,DC=contoso,DC=azure;Lithographer;Marketing
kmiqogh;MiQogh, Korras;Korras;MiQogh;c0MPETENCY!;Brazil;OU=Brazil,OU=UserAccounts,DC=contoso,DC=azure;Dietetic technician;Sales
rrothschild;Rothschild, Robert;Robert;Rothschild;C0mpetency!;France;OU=France,OU=UserAccounts,DC=contoso,DC=azure;Crop farm manager;Production
cruktah;Ruktah, ChTihla;ChTihla;Ruktah;c0RTIFIED!;Brazil;OU=Brazil,OU=UserAccounts,DC=contoso,DC=azure;Automotive painter;Purchasing
rbergmann;Bergmann, Ralf;Ralf;Bergmann;C0rtified!;US;OU=US,OU=UserAccounts,DC=contoso,DC=azure;Physical therapist aide;Research and Development
rdrexa;Drexa, Reclaw;Reclaw;Drexa;c1ACKING!;Australia;OU=Australia,OU=UserAccounts,DC=contoso,DC=azure;Claims examiner;Sales
flehrer;Lehrer, Felix;Felix;Lehrer;C1acking!;US;OU=US,OU=UserAccounts,DC=contoso,DC=azure;Applicator;Accounting and Finance
ffuchs;Fuchs, Florian;Florian;Fuchs;c1MPETENCY!;Germany;OU=Germany,OU=UserAccounts,DC=contoso,DC=azure;Customs inspector;Sales
lvrag;Vrag, LLana;LLana;Vrag;C1mpetency!;France;OU=France,OU=UserAccounts,DC=contoso,DC=azure;E-Mail Expert;ExchangeAdmins
hurussig;Urussig, Hena;Hena;Urussig;c1RTIFIED!;US;OU=US,OU=UserAccounts,DC=contoso,DC=azure;Skin care specialist;Helpdesk
amoench;Moench, Anja;Anja;Moench;C1rtified!;US;OU=US,OU=UserAccounts,DC=contoso,DC=azure;Deck officer;Management
duvarek;Uvarek, DLij;DLij;Uvarek;c3ACKING!;Australia;OU=Australia,OU=UserAccounts,DC=contoso,DC=azure;Messenger;Marketing
tfiedler;Fiedler, Thomas;Thomas;Fiedler;C3acking!;Germany;OU=Germany,OU=UserAccounts,DC=contoso,DC=azure;Training director;Sales
jboehm;Boehm, Johanna;Johanna;Boehm;c3MPETENCY!;Australia;OU=Australia,OU=UserAccounts,DC=contoso,DC=azure;Placement counselor;Production
lkastner;Kastner, Leon;Leon;Kastner;C3mpetency!;Australia;OU=Australia,OU=UserAccounts,DC=contoso,DC=azure;Pharmacist;Purchasing
lmoench;Moench, Lea;Lea;Moench;c3RTIFI3D!;US;OU=US,OU=UserAccounts,DC=contoso,DC=azure;Sewer pipe cleaner;Research and Development
sfuchs;Fuchs, Steffen;Steffen;Fuchs;C3rtifi3d!;US;OU=US,OU=UserAccounts,DC=contoso,DC=azure;Regional geographer;Sales
aolahg;Olahg, Arizhel;Arizhel;Olahg;c3RTIFIED!;Germany;OU=Germany,OU=UserAccounts,DC=contoso,DC=azure;Tool grinder;Accounting and Finance
ktheiss;Theiss, Kathrin;Kathrin;Theiss;C3rtified!;Australia;OU=Australia,OU=UserAccounts,DC=contoso,DC=azure;Legal investigator;Sales
lmakok;Makok, LTali;LTali;Makok;C3rtified!;Australia;OU=Australia,OU=UserAccounts,DC=contoso,DC=azure;E-Mail Expert;ExchangeAdmins
rpropst;Propst, Ralph;Ralph;Propst;Di5ciplin@ry;Brazil;OU=Brazil,OU=UserAccounts,DC=contoso,DC=azure;Extruding and drawing machine operators;Helpdesk
mtoral;Toral, MLeyra;MLeyra;Toral;Di5ciplin@ry!;Germany;OU=Germany,OU=UserAccounts,DC=contoso,DC=azure;Banquet manager;Management
nlevass;Levass, NHussa;NHussa;Levass;dIS0IPLINARY!;Brazil;OU=Brazil,OU=UserAccounts,DC=contoso,DC=azure;Ship engineer;Marketing
kdciq;Dciq, Khalil;Khalil;Dciq;Dis0iplinary!;Canada;OU=Canada,OU=UserAccounts,DC=contoso,DC=azure;Bookmobile driver;Sales
vbeich;Beich, Vanessa;Vanessa;Beich;dIS1IPLINARY!;France;OU=France,OU=UserAccounts,DC=contoso,DC=azure;Electronics engineer;Production
tbarth;Barth, Torsten;Torsten;Barth;Dis1iplinary!;France;OU=France,OU=UserAccounts,DC=contoso,DC=azure;Soldier;Purchasing
sfarber;Farber, Sophie;Sophie;Farber;dIS3IPLINARY!;Australia;OU=Australia,OU=UserAccounts,DC=contoso,DC=azure;Patient educator;Research and Development
udreher;Dreher, Ute;Ute;Dreher;Dis3iplinary!;Germany;OU=Germany,OU=UserAccounts,DC=contoso,DC=azure;Stock trader;Sales
kkarg;Karg, Klinka;Klinka;Karg;dIS5IPLINARY!;Canada;OU=Canada,OU=UserAccounts,DC=contoso,DC=azure;Attendance clerk;Accounting and Finance
kkul;Kul, Klag;Klag;Kul;Dis5iplinary!;Brazil;OU=Brazil,OU=UserAccounts,DC=contoso,DC=azure;Marine oiler;Sales
kschroder;Schroder, Kevin;Kevin;Schroder;dISCIP1INARY!;France;OU=France,OU=UserAccounts,DC=contoso,DC=azure;E-Mail Expert;ExchangeAdmins
bdrescher;Drescher, Brigitte;Brigitte;Drescher;Discip1inary!;Brazil;OU=Brazil,OU=UserAccounts,DC=contoso,DC=azure;Water transportation pilot;Helpdesk
kvollox;Vollox, Kheldas;Kheldas;Vollox;dISCIPLINARY1!;Brazil;OU=Brazil,OU=UserAccounts,DC=contoso,DC=azure;Macroeconomist;Management
mluft;Luft, Maria;Maria;Luft;Disciplinary1!;US;OU=US,OU=UserAccounts,DC=contoso,DC=azure;Plant operator;Marketing
fabendroth;Abendroth, Felix;Felix;Abendroth;dISCIPLINARY123!;US;OU=US,OU=UserAccounts,DC=contoso,DC=azure;Junior high school teacher;Sales
bfaust;Faust, Birgit;Birgit;Faust;Disciplinary123!;Brazil;OU=Brazil,OU=UserAccounts,DC=contoso,DC=azure;Mechanical door repairer;Production
creinhardt;Reinhardt, Claudia;Claudia;Reinhardt;dISCIPLINARY2015!;Australia;OU=Australia,OU=UserAccounts,DC=contoso,DC=azure;Information designer;Purchasing
pmueller;Mueller, Paul;Paul;Mueller;Disciplinary2015!;Brazil;OU=Brazil,OU=UserAccounts,DC=contoso,DC=azure;Receptionist;Research and Development
gkrolt;Krolt, GMora;GMora;Krolt;dISCIPLINARY2016!;Canada;OU=Canada,OU=UserAccounts,DC=contoso,DC=azure;Crossing guard;Sales
kriskadh;Riskadh, Kazj;Kazj;Riskadh;Disciplinary2016!;Brazil;OU=Brazil,OU=UserAccounts,DC=contoso,DC=azure;DEA agent;Accounting and Finance
kfreytag;Freytag, Katja;Katja;Freytag;dISCIPLINARY2017!;Canada;OU=Canada,OU=UserAccounts,DC=contoso,DC=azure;Payroll representative;Sales
cunger;Unger, Christine;Christine;Unger;Disciplinary2017!;Germany;OU=Germany,OU=UserAccounts,DC=contoso,DC=azure;E-Mail Expert;ExchangeAdmins
jeichelberger;Eichelberger, Jana;Jana;Eichelberger;dISCIPLINARY2018!;Brazil;OU=Brazil,OU=UserAccounts,DC=contoso,DC=azure;Timber cutting and logging worker;Helpdesk
tabt;Abt, Tim;Tim;Abt;Disciplinary2018!;France;OU=France,OU=UserAccounts,DC=contoso,DC=azure;Rail yard engineer;Management
deiffel;Eiffel, Diana;Diana;Eiffel;dISCIPLINARY2019!;US;OU=US,OU=UserAccounts,DC=contoso,DC=azure;Perianesthesia nurse;Marketing
useiler;Seiler, Uwe;Uwe;Seiler;Disciplinary2019!;Canada;OU=Canada,OU=UserAccounts,DC=contoso,DC=azure;Marshal;Sales
jstrauss;Strauss, Johanna;Johanna;Strauss;dISCIPLINARY2020!;Germany;OU=Germany,OU=UserAccounts,DC=contoso,DC=azure;Brokerage clerk;Production
skeller;Keller, Silke;Silke;Keller;Disciplinary2020!;Germany;OU=Germany,OU=UserAccounts,DC=contoso,DC=azure;Personnel clerk;Purchasing
dbaier;Baier, Dieter;Dieter;Baier;e0EANOR!;Canada;OU=Canada,OU=UserAccounts,DC=contoso,DC=azure;Supply manager;Research and Development
tkhornezh;Khornezh, TLana;TLana;Khornezh;E0eanor!;Australia;OU=Australia,OU=UserAccounts,DC=contoso,DC=azure;Top executive;Sales
gvenonn;Venonn, GNara;GNara;Venonn;e0PERIENCE!;Germany;OU=Germany,OU=UserAccounts,DC=contoso,DC=azure;Fish trimmer;Accounting and Finance
ttorin;Torin, TLane;TLane;Torin;E0perience!;US;OU=US,OU=UserAccounts,DC=contoso,DC=azure;Cook;Sales
jrestagh;Restagh, JHussa;JHussa;Restagh;e0PLOYEE!;Germany;OU=Germany,OU=UserAccounts,DC=contoso,DC=azure;E-Mail Expert;ExchangeAdmins
ppfeiffer;Pfeiffer, Peter;Peter;Pfeiffer;E0ployee!;Germany;OU=Germany,OU=UserAccounts,DC=contoso,DC=azure;Journalist;Helpdesk
dadion;Adion, DLursa;DLursa;Adion;e1EANOR!;Germany;OU=Germany,OU=UserAccounts,DC=contoso,DC=azure;Enrollment specialist;Management
jmajjas;Majjas, JGira;JGira;Majjas;E1eanor!;Germany;OU=Germany,OU=UserAccounts,DC=contoso,DC=azure;Bureau of Diplomatic Security special agent;Marketing
dzimmerman;Zimmerman, Doreen;Doreen;Zimmerman;e1PERIENCE!;Australia;OU=Australia,OU=UserAccounts,DC=contoso,DC=azure;Court, municipal, and license clerk;Sales
mpallara;Pallara, Mora;Mora;Pallara;E1perience!;Australia;OU=Australia,OU=UserAccounts,DC=contoso,DC=azure;Consultant dietitian;Production
sfink;Fink, Sara;Sara;Fink;e1PLOYEE!;Australia;OU=Australia,OU=UserAccounts,DC=contoso,DC=azure;Longshoremen;Purchasing
ctrisra;Trisra, ChTihla;ChTihla;Trisra;E1ployee!;Germany;OU=Germany,OU=UserAccounts,DC=contoso,DC=azure;Cleaning, washing, and metal pickling equipment operator;Research and Development
ibecker;Becker, Ines;Ines;Becker;e3EANOR!;Canada;OU=Canada,OU=UserAccounts,DC=contoso,DC=azure;Agent-contract clerk;Sales
kwexler;Wexler, Kerstin;Kerstin;Wexler;E3eanor!;Canada;OU=Canada,OU=UserAccounts,DC=contoso,DC=azure;Crossing guard;Accounting and Finance
lweiss;Weiss, Lisa;Lisa;Weiss;e3PERIENCE!;France;OU=France,OU=UserAccounts,DC=contoso,DC=azure;Aircraft and avionics equipment mechanic;Sales
apfeifer;Pfeifer, Anne;Anne;Pfeifer;E3perience!;Canada;OU=Canada,OU=UserAccounts,DC=contoso,DC=azure;E-Mail Expert;ExchangeAdmins
sadler;Adler, Simone;Simone;Adler;e3PLOYEE!;Canada;OU=Canada,OU=UserAccounts,DC=contoso,DC=azure;Marketing coordinator;Helpdesk
nurussig;Urussig, NKehla;NKehla;Urussig;E3ployee!;US;OU=US,OU=UserAccounts,DC=contoso,DC=azure;HIV/AIDS nurse;Management
jchang;Chang, Jarod;Jarod;Chang;e5EANOR!;Canada;OU=Canada,OU=UserAccounts,DC=contoso,DC=azure;Shaper;Marketing
rvollox;Vollox, RValkra;RValkra;Vollox;E5eanor!;Australia;OU=Australia,OU=UserAccounts,DC=contoso,DC=azure;Data typist;Sales
ymeyer;Meyer, Yvonne;Yvonne;Meyer;e5PERIENCE!;Australia;OU=Australia,OU=UserAccounts,DC=contoso,DC=azure;Physical therapist assistant;Production
kreinhard;Reinhard, Kerstin;Kerstin;Reinhard;E5perience!;France;OU=France,OU=UserAccounts,DC=contoso,DC=azure;Teaching assistant;Purchasing
ehurn;Hurn, Ellal;Ellal;Hurn;e5PLOYEE!;US;OU=US,OU=UserAccounts,DC=contoso,DC=azure;Correctional treatment specialist;Research and Development
mfrueh;Frueh, Melanie;Melanie;Frueh;E5ployee!;Canada;OU=Canada,OU=UserAccounts,DC=contoso,DC=azure;Lather;Sales
rrothstein;Rothstein, Robert;Robert;Rothstein;eL0ANOR!;Australia;OU=Australia,OU=UserAccounts,DC=contoso,DC=azure;Gas pumping station operator;Accounting and Finance
